bus_date,venue_code,egm_description,manufacturer,fp,turnover_sum,gmp_sum,games_played_sum
2024-11-01,10177,M)Raging Bull - Lightning Cash - F59 S63160,ARISTOCRAT,1,3677.53,-701.23,2344
2024-11-01,10177,M)Bao Zhu Zhao Fu Blue Festival f64 s63912 a24620,ARISTOCRAT,2,3000,338.37,3955
2024-11-01,10177,M)Bao Zhu Zhao Fu Red Festival f64 s63908 a24615,ARISTOCRAT,3,3617.75,442.25,5123
2024-11-01,10177,M)Golden Gong Dragon Link  F62 S63596,ARISTOCRAT,4,1519.19,630.2,1476
2024-11-01,10177,M)Genghis Khan Dragon Link F59 S63102,ARISTOCRAT,5,1576.51,221.97,1360
2024-11-01,10177,M)Golden Century Dragon Link F59 S62487,ARISTOCRAT,6,4257.4,910.19,2689
2024-11-01,10177,M)Peace And Long Life Dragon Link F59 S63126,ARISTOCRAT,7,1613.73,407.81,1323
2024-11-01,10177,M)Panda Magic Dragon Link F59 S62561,ARISTOCRAT,8,14454.86,-1099.86,3231
2024-11-01,10177,M)Happy and Prosperous Dragon Link F59 S62477,ARISTOCRAT,9,3059.69,616.18,3400
2024-11-01,10177,M)Spring Festival - Dragon Link F59 S62973,ARISTOCRAT,10,6441.38,158.05,5524
2024-11-01,10177,M)Spring Festival - Lion Link F59 S12345,ARISTOCRAT,11,123,456,789
2024-11-02,10177,M)Raging Bull - Lightning Cash - F59 S63160,ARISTOCRAT,1,2373.96,-425.1,1658
2024-11-02,10177,M)Bao Zhu Zhao Fu Blue Festival f64 s63912 a24620,ARISTOCRAT,2,4281.75,75.5,2397
2024-11-02,10177,M)Bao Zhu Zhao Fu Red Festival f64 s63908 a24615,ARISTOCRAT,3,1066.75,219.02,1072
2024-11-02,10177,M)Golden Gong Dragon Link  F62 S63596,ARISTOCRAT,4,2153.5,660.53,2303
2024-11-02,10177,M)Genghis Khan Dragon Link F59 S63102,ARISTOCRAT,5,1465.79,522.18,850
2024-11-02,10177,M)Golden Century Dragon Link F59 S62487,ARISTOCRAT,6,2183.72,-447.07,2160
2024-11-02,10177,M)Peace And Long Life Dragon Link F59 S63126,ARISTOCRAT,7,1318.67,329.2,912
2024-11-02,10177,M)Panda Magic Dragon Link F59 S62561,ARISTOCRAT,8,5261.47,1173.96,1872
2024-11-02,10177,M)Happy and Prosperous Dragon Link F59 S62477,ARISTOCRAT,9,2517.99,193.42,2221
2024-11-02,10177,M)Spring Festival - Dragon Link F59 S62973,ARISTOCRAT,10,10694.7,815.42,6210
2024-11-03,10177,M)Raging Bull - Lightning Cash - F59 S63160,ARISTOCRAT,1,2784.99,600.3,1616
2024-11-03,10177,M)Bao Zhu Zhao Fu Blue Festival f64 s63912 a24620,ARISTOCRAT,2,6894.25,925.33,5010
2024-11-03,10177,M)Bao Zhu Zhao Fu Red Festival f64 s63908 a24615,ARISTOCRAT,3,2093,-68.73,2424
2024-11-03,10177,M)Golden Gong Dragon Link  F62 S63596,ARISTOCRAT,4,2110.16,-415.13,1332
2024-11-03,10177,M)Genghis Khan Dragon Link F59 S63102,ARISTOCRAT,5,3247.88,-5.79,1758
2024-11-03,10177,M)Golden Century Dragon Link F59 S62487,ARISTOCRAT,6,2152.5,369.44,1709
2024-11-03,10177,M)Peace And Long Life Dragon Link F59 S63126,ARISTOCRAT,7,4068.02,776.67,2049
2024-11-03,10177,M)Panda Magic Dragon Link F59 S62561,ARISTOCRAT,8,3817.29,243.68,1476
2024-11-03,10177,M)Happy and Prosperous Dragon Link F59 S62477,ARISTOCRAT,9,6243.03,871.26,5197
2024-11-03,10177,M)Spring Festival - Dragon Link F59 S62973,ARISTOCRAT,10,12675.12,1736.7,7281
2024-11-04,10177,M)Raging Bull - Lightning Cash - F59 S63160,ARISTOCRAT,1,6966.21,901.14,3470
2024-11-04,10177,M)Bao Zhu Zhao Fu Blue Festival f64 s63912 a24620,ARISTOCRAT,2,6856,1039.04,3796
2024-11-04,10177,M)Bao Zhu Zhao Fu Red Festival f64 s63908 a24615,ARISTOCRAT,3,2511.5,-763.47,3991
2024-11-04,10177,M)Golden Gong Dragon Link  F62 S63596,ARISTOCRAT,4,2241.51,779.32,1489
2024-11-04,10177,M)Genghis Khan Dragon Link F59 S63102,ARISTOCRAT,5,4837.98,-1052.75,3013
2024-11-04,10177,M)Golden Century Dragon Link F59 S62487,ARISTOCRAT,6,8746.52,-841.65,3961
2024-11-04,10177,M)Peace And Long Life Dragon Link F59 S63126,ARISTOCRAT,7,5599.46,1143.11,2935
2024-11-04,10177,M)Panda Magic Dragon Link F59 S62561,ARISTOCRAT,8,12607.81,-687.22,3260
2024-11-04,10177,M)Happy and Prosperous Dragon Link F59 S62477,ARISTOCRAT,9,9948.96,1862.59,6149
2024-11-04,10177,M)Spring Festival - Dragon Link F59 S62973,ARISTOCRAT,10,5524.17,-948.53,4473
2024-11-05,10177,M)Raging Bull - Lightning Cash - F59 S63160,ARISTOCRAT,1,3418.51,401.89,1739
2024-11-05,10177,M)Bao Zhu Zhao Fu Blue Festival f64 s63912 a24620,ARISTOCRAT,2,4561.25,1187.49,2286
2024-11-05,10177,M)Bao Zhu Zhao Fu Red Festival f64 s63908 a24615,ARISTOCRAT,3,1140,-534.37,1169
2024-11-05,10177,M)Golden Gong Dragon Link  F62 S63596,ARISTOCRAT,4,1289.98,348.61,782
2024-11-05,10177,M)Genghis Khan Dragon Link F59 S63102,ARISTOCRAT,5,1347.55,163.99,918
2024-11-05,10177,M)Golden Century Dragon Link F59 S62487,ARISTOCRAT,6,1785.45,259.54,1052
2024-11-05,10177,M)Peace And Long Life Dragon Link F59 S63126,ARISTOCRAT,7,4114.89,-767.17,2622
2024-11-05,10177,M)Panda Magic Dragon Link F59 S62561,ARISTOCRAT,8,1817.69,385.9,949
2024-11-05,10177,M)Happy and Prosperous Dragon Link F59 S62477,ARISTOCRAT,9,10311.77,2850.38,5569
2024-11-05,10177,M)Spring Festival - Dragon Link F59 S62973,ARISTOCRAT,10,1937.64,990.86,1125
2024-11-06,10177,M)Raging Bull - Lightning Cash - F59 S63160,ARISTOCRAT,1,6137.45,-204.26,2800
2024-11-06,10177,M)Bao Zhu Zhao Fu Blue Festival f64 s63912 a24620,ARISTOCRAT,2,4774.5,1234.07,2070
2024-11-06,10177,M)Bao Zhu Zhao Fu Red Festival f64 s63908 a24615,ARISTOCRAT,3,739.5,313.04,686
2024-11-06,10177,M)Golden Gong Dragon Link  F62 S63596,ARISTOCRAT,4,99.65,8.17,212
2024-11-06,10177,M)Genghis Khan Dragon Link F59 S63102,ARISTOCRAT,5,592.45,350.5,217
2024-11-06,10177,M)Golden Century Dragon Link F59 S62487,ARISTOCRAT,6,960.53,128.32,642
2024-11-06,10177,M)Peace And Long Life Dragon Link F59 S63126,ARISTOCRAT,7,3343.92,-242.26,2128
2024-11-06,10177,M)Panda Magic Dragon Link F59 S62561,ARISTOCRAT,8,1691.7,273.87,1178
2024-11-06,10177,M)Happy and Prosperous Dragon Link F59 S62477,ARISTOCRAT,9,1210.93,-561.26,1134
2024-11-06,10177,M)Spring Festival - Dragon Link F59 S62973,ARISTOCRAT,10,3165.59,312.13,1873
2024-11-07,10177,M)Raging Bull - Lightning Cash - F59 S63160,ARISTOCRAT,1,2105.85,93.69,1063
2024-11-07,10177,M)Bao Zhu Zhao Fu Blue Festival f64 s63912 a24620,ARISTOCRAT,2,6307.5,1325.16,3506
2024-11-07,10177,M)Bao Zhu Zhao Fu Red Festival f64 s63908 a24615,ARISTOCRAT,3,5974.75,2136.03,2836
2024-11-07,10177,M)Golden Gong Dragon Link  F62 S63596,ARISTOCRAT,4,2950.68,-387.85,979
2024-11-07,10177,M)Genghis Khan Dragon Link F59 S63102,ARISTOCRAT,5,4862.09,24,1793
2024-11-07,10177,M)Golden Century Dragon Link F59 S62487,ARISTOCRAT,6,1186.63,370.57,1649
2024-11-07,10177,M)Peace And Long Life Dragon Link F59 S63126,ARISTOCRAT,7,1814.57,105.31,750
2024-11-07,10177,M)Panda Magic Dragon Link F59 S62561,ARISTOCRAT,8,1734.82,-68.98,1345
2024-11-07,10177,M)Happy and Prosperous Dragon Link F59 S62477,ARISTOCRAT,9,1364.89,287.53,1040
2024-11-07,10177,M)Spring Festival - Dragon Link F59 S62973,ARISTOCRAT,10,5860.66,1434.57,3982
2024-11-08,10177,M)Raging Bull - Lightning Cash - F59 S63160,ARISTOCRAT,1,5158.38,163.46,2736
2024-11-08,10177,M)Bao Zhu Zhao Fu Blue Festival f64 s63912 a24620,ARISTOCRAT,2,4108,1049.3,2353
2024-11-08,10177,M)Bao Zhu Zhao Fu Red Festival f64 s63908 a24615,ARISTOCRAT,3,3607.25,-417.8,1376
2024-11-08,10177,M)Golden Gong Dragon Link  F62 S63596,ARISTOCRAT,4,3107.92,343.44,1724
2024-11-08,10177,M)Genghis Khan Dragon Link F59 S63102,ARISTOCRAT,5,4768,-839.53,1707
2024-11-08,10177,M)Golden Century Dragon Link F59 S62487,ARISTOCRAT,6,6057.46,743.73,3962
2024-11-08,10177,M)Peace And Long Life Dragon Link F59 S63126,ARISTOCRAT,7,3450.88,-804.15,1581
2024-11-08,10177,M)Panda Magic Dragon Link F59 S62561,ARISTOCRAT,8,5682.86,1239.33,2762
2024-11-08,10177,M)Happy and Prosperous Dragon Link F59 S62477,ARISTOCRAT,9,3522.35,-477.81,1911
2024-11-08,10177,M)Spring Festival - Dragon Link F59 S62973,ARISTOCRAT,10,5784.1,-190.1,3862
2024-11-09,10177,M)Raging Bull - Lightning Cash - F59 S63160,ARISTOCRAT,1,2581.58,-171.25,1453
2024-11-09,10177,M)Bao Zhu Zhao Fu Blue Festival f64 s63912 a24620,ARISTOCRAT,2,6690.25,429.63,3677
2024-11-09,10177,M)Bao Zhu Zhao Fu Red Festival f64 s63908 a24615,ARISTOCRAT,3,4485.5,869.96,1940
2024-11-09,10177,M)Golden Gong Dragon Link  F62 S63596,ARISTOCRAT,4,2771.89,-53.06,1786
2024-11-09,10177,M)Genghis Khan Dragon Link F59 S63102,ARISTOCRAT,5,8450.81,-1554.16,3620
2024-11-09,10177,M)Golden Century Dragon Link F59 S62487,ARISTOCRAT,6,19749.27,-3712.06,5310
2024-11-09,10177,M)Peace And Long Life Dragon Link F59 S63126,ARISTOCRAT,7,3666.42,1627.78,2106
2024-11-09,10177,M)Panda Magic Dragon Link F59 S62561,ARISTOCRAT,8,1056.13,-853.86,583
2024-11-09,10177,M)Happy and Prosperous Dragon Link F59 S62477,ARISTOCRAT,9,1324.36,579.33,828
2024-11-09,10177,M)Spring Festival - Dragon Link F59 S62973,ARISTOCRAT,10,3490.05,892.17,2199
2024-11-10,10177,M)Raging Bull - Lightning Cash - F59 S63160,ARISTOCRAT,1,732.5,378.43,767
2024-11-10,10177,M)Bao Zhu Zhao Fu Blue Festival f64 s63912 a24620,ARISTOCRAT,2,3817.25,1187.16,2937
2024-11-10,10177,M)Bao Zhu Zhao Fu Red Festival f64 s63908 a24615,ARISTOCRAT,3,2385.25,462.02,2671
2024-11-10,10177,M)Golden Gong Dragon Link  F62 S63596,ARISTOCRAT,4,638.35,227.65,706
2024-11-10,10177,M)Genghis Khan Dragon Link F59 S63102,ARISTOCRAT,5,8694.6,1294.12,3784
2024-11-10,10177,M)Golden Century Dragon Link F59 S62487,ARISTOCRAT,6,2025.8,383.63,1611
2024-11-10,10177,M)Peace And Long Life Dragon Link F59 S63126,ARISTOCRAT,7,1617.05,575.41,712
2024-11-10,10177,M)Panda Magic Dragon Link F59 S62561,ARISTOCRAT,8,530.8,2.73,1073
2024-11-10,10177,M)Happy and Prosperous Dragon Link F59 S62477,ARISTOCRAT,9,1432.86,-259.95,1472
2024-11-10,10177,M)Spring Festival - Dragon Link F59 S62973,ARISTOCRAT,10,1765.11,38.57,2043
2024-11-11,10177,M)Raging Bull - Lightning Cash - F59 S63160,ARISTOCRAT,1,1192.78,48.04,2055
2024-11-11,10177,M)Bao Zhu Zhao Fu Blue Festival f64 s63912 a24620,ARISTOCRAT,2,5625.5,1592.9,2956
2024-11-11,10177,M)Bao Zhu Zhao Fu Red Festival f64 s63908 a24615,ARISTOCRAT,3,4874,980.99,1955
2024-11-11,10177,M)Golden Gong Dragon Link  F62 S63596,ARISTOCRAT,4,2016.98,-314.46,1051
2024-11-11,10177,M)Genghis Khan Dragon Link F59 S63102,ARISTOCRAT,5,7482.77,1310.45,4156
2024-11-11,10177,M)Golden Century Dragon Link F59 S62487,ARISTOCRAT,6,2883.46,580.05,1608
2024-11-11,10177,M)Peace And Long Life Dragon Link F59 S63126,ARISTOCRAT,7,1355.74,85.08,1151
2024-11-11,10177,M)Panda Magic Dragon Link F59 S62561,ARISTOCRAT,8,2252.9,-609.99,1510
2024-11-11,10177,M)Happy and Prosperous Dragon Link F59 S62477,ARISTOCRAT,9,2039.26,554.06,1493
2024-11-11,10177,M)Spring Festival - Dragon Link F59 S62973,ARISTOCRAT,10,2433.02,776,1587
2024-11-12,10177,M)Raging Bull - Lightning Cash - F59 S63160,ARISTOCRAT,1,952,327.63,828
2024-11-12,10177,M)Bao Zhu Zhao Fu Blue Festival f64 s63912 a24620,ARISTOCRAT,2,4183.75,1619.71,2826
2024-11-12,10177,M)Bao Zhu Zhao Fu Red Festival f64 s63908 a24615,ARISTOCRAT,3,2266.75,384.03,1868
2024-11-12,10177,M)Golden Gong Dragon Link  F62 S63596,ARISTOCRAT,4,686.94,166.24,873
2024-11-12,10177,M)Genghis Khan Dragon Link F59 S63102,ARISTOCRAT,5,6890.64,1881.58,2893
2024-11-12,10177,M)Golden Century Dragon Link F59 S62487,ARISTOCRAT,6,9996.27,-879.51,4430
2024-11-12,10177,M)Peace And Long Life Dragon Link F59 S63126,ARISTOCRAT,7,1599.03,354.64,1301
2024-11-12,10177,M)Panda Magic Dragon Link F59 S62561,ARISTOCRAT,8,3915.31,551,1605
2024-11-12,10177,M)Happy and Prosperous Dragon Link F59 S62477,ARISTOCRAT,9,607.59,-49.35,1088
2024-11-12,10177,M)Spring Festival - Dragon Link F59 S62973,ARISTOCRAT,10,73.95,57.08,48
2024-11-13,10177,M)Raging Bull - Lightning Cash - F59 S63160,ARISTOCRAT,1,2561.35,138.79,2982
2024-11-13,10177,M)Bao Zhu Zhao Fu Blue Festival f64 s63912 a24620,ARISTOCRAT,2,7220.5,1263.31,3555
2024-11-13,10177,M)Bao Zhu Zhao Fu Red Festival f64 s63908 a24615,ARISTOCRAT,3,4644.25,768.08,1929
2024-11-13,10177,M)Golden Gong Dragon Link  F62 S63596,ARISTOCRAT,4,1497.37,-442.36,1359
2024-11-13,10177,M)Genghis Khan Dragon Link F59 S63102,ARISTOCRAT,5,721.92,243.6,346
2024-11-13,10177,M)Golden Century Dragon Link F59 S62487,ARISTOCRAT,6,9015.09,-547.71,5496
2024-11-13,10177,M)Peace And Long Life Dragon Link F59 S63126,ARISTOCRAT,7,1949.22,786.05,1613
2024-11-13,10177,M)Panda Magic Dragon Link F59 S62561,ARISTOCRAT,8,2190.76,295.77,1291
2024-11-13,10177,M)Happy and Prosperous Dragon Link F59 S62477,ARISTOCRAT,9,4307.16,314.16,2445
2024-11-13,10177,M)Spring Festival - Dragon Link F59 S62973,ARISTOCRAT,10,1346.43,641.5,923
2024-11-14,10177,M)Raging Bull - Lightning Cash - F59 S63160,ARISTOCRAT,1,2641.54,-442.84,1838
2024-11-14,10177,M)Bao Zhu Zhao Fu Blue Festival f64 s63912 a24620,ARISTOCRAT,2,4387,916.6,1928
2024-11-14,10177,M)Bao Zhu Zhao Fu Red Festival f64 s63908 a24615,ARISTOCRAT,3,1759,647.8,976
2024-11-14,10177,M)Golden Gong Dragon Link  F62 S63596,ARISTOCRAT,4,490.9,-976.14,364
2024-11-14,10177,M)Genghis Khan Dragon Link F59 S63102,ARISTOCRAT,5,1263.03,246.45,1033
2024-11-14,10177,M)Golden Century Dragon Link F59 S62487,ARISTOCRAT,6,3939.64,-938.11,3181
2024-11-14,10177,M)Peace And Long Life Dragon Link F59 S63126,ARISTOCRAT,7,1930.24,615.02,2240
2024-11-14,10177,M)Panda Magic Dragon Link F59 S62561,ARISTOCRAT,8,3165.34,336.37,1295
2024-11-14,10177,M)Happy and Prosperous Dragon Link F59 S62477,ARISTOCRAT,9,5032.39,-387.13,2401
2024-11-14,10177,M)Spring Festival - Dragon Link F59 S62973,ARISTOCRAT,10,658.94,221.19,557
2024-11-15,10177,M)Raging Bull - Lightning Cash - F59 S63160,ARISTOCRAT,1,2978.11,419.68,1858
2024-11-15,10177,M)Bao Zhu Zhao Fu Blue Festival f64 s63912 a24620,ARISTOCRAT,2,4132.75,-253.17,4729
2024-11-15,10177,M)Bao Zhu Zhao Fu Red Festival f64 s63908 a24615,ARISTOCRAT,3,4199.75,1130.33,3657
2024-11-15,10177,M)Golden Gong Dragon Link  F62 S63596,ARISTOCRAT,4,5324.99,1531.58,1933
2024-11-15,10177,M)Genghis Khan Dragon Link F59 S63102,ARISTOCRAT,5,737.92,288.85,527
2024-11-15,10177,M)Golden Century Dragon Link F59 S62487,ARISTOCRAT,6,11433.98,95.06,5873
2024-11-15,10177,M)Peace And Long Life Dragon Link F59 S63126,ARISTOCRAT,7,2887.92,505.58,3002
2024-11-15,10177,M)Panda Magic Dragon Link F59 S62561,ARISTOCRAT,8,5725.39,-339.28,2092
2024-11-15,10177,M)Happy and Prosperous Dragon Link F59 S62477,ARISTOCRAT,9,4513.24,832.71,2960
2024-11-15,10177,M)Spring Festival - Dragon Link F59 S62973,ARISTOCRAT,10,2879.19,192.84,1360
2024-11-16,10177,M)Raging Bull - Lightning Cash - F59 S63160,ARISTOCRAT,1,886.4,-468.29,1281
2024-11-16,10177,M)Bao Zhu Zhao Fu Blue Festival f64 s63912 a24620,ARISTOCRAT,2,1301,417.58,1229
2024-11-16,10177,M)Bao Zhu Zhao Fu Red Festival f64 s63908 a24615,ARISTOCRAT,3,1511.75,190.37,1751
2024-11-16,10177,M)Golden Gong Dragon Link  F62 S63596,ARISTOCRAT,4,752.49,243.24,622
2024-11-16,10177,M)Genghis Khan Dragon Link F59 S63102,ARISTOCRAT,5,597.11,64.46,375
2024-11-16,10177,M)Golden Century Dragon Link F59 S62487,ARISTOCRAT,6,12707.08,1420.88,4333
2024-11-16,10177,M)Peace And Long Life Dragon Link F59 S63126,ARISTOCRAT,7,3163.72,705.28,3020
2024-11-16,10177,M)Panda Magic Dragon Link F59 S62561,ARISTOCRAT,8,1986.35,1239.16,1335
2024-11-16,10177,M)Happy and Prosperous Dragon Link F59 S62477,ARISTOCRAT,9,6829.85,1288,4813
2024-11-16,10177,M)Spring Festival - Dragon Link F59 S62973,ARISTOCRAT,10,753.02,176.89,764
2024-11-17,10177,M)Raging Bull - Lightning Cash - F59 S63160,ARISTOCRAT,1,105.98,41.61,212
2024-11-17,10177,M)Bao Zhu Zhao Fu Blue Festival f64 s63912 a24620,ARISTOCRAT,2,4440,-49.9,3475
2024-11-17,10177,M)Bao Zhu Zhao Fu Red Festival f64 s63908 a24615,ARISTOCRAT,3,1601.75,-30.31,2958
2024-11-17,10177,M)Golden Gong Dragon Link  F62 S63596,ARISTOCRAT,4,750.21,250.09,468
2024-11-17,10177,M)Genghis Khan Dragon Link F59 S63102,ARISTOCRAT,5,366.45,-377.39,267
2024-11-17,10177,M)Golden Century Dragon Link F59 S62487,ARISTOCRAT,6,1164.81,56.94,787
2024-11-17,10177,M)Peace And Long Life Dragon Link F59 S63126,ARISTOCRAT,7,4102.37,1346.97,2214
2024-11-17,10177,M)Panda Magic Dragon Link F59 S62561,ARISTOCRAT,8,4514.66,905.23,1858
2024-11-17,10177,M)Happy and Prosperous Dragon Link F59 S62477,ARISTOCRAT,9,4284.22,-71.4,2614
2024-11-17,10177,M)Spring Festival - Dragon Link F59 S62973,ARISTOCRAT,10,1604.31,427.18,1760
2024-11-18,10177,M)Raging Bull - Lightning Cash - F59 S63160,ARISTOCRAT,1,2192.06,658.04,989
2024-11-18,10177,M)Bao Zhu Zhao Fu Blue Festival f64 s63912 a24620,ARISTOCRAT,2,5309.25,-882.61,2043
2024-11-18,10177,M)Bao Zhu Zhao Fu Red Festival f64 s63908 a24615,ARISTOCRAT,3,6360.25,-520.34,2103
2024-11-18,10177,M)Golden Gong Dragon Link  F62 S63596,ARISTOCRAT,4,1288.44,-209.35,602
2024-11-18,10177,M)Genghis Khan Dragon Link F59 S63102,ARISTOCRAT,5,1105.95,715.47,949
2024-11-18,10177,M)Golden Century Dragon Link F59 S62487,ARISTOCRAT,6,2043.05,573.97,1079
2024-11-18,10177,M)Peace And Long Life Dragon Link F59 S63126,ARISTOCRAT,7,3171.72,-104.17,2092
2024-11-18,10177,M)Panda Magic Dragon Link F59 S62561,ARISTOCRAT,8,5715.96,513.07,1817
2024-11-18,10177,M)Happy and Prosperous Dragon Link F59 S62477,ARISTOCRAT,9,5002.27,1865.81,2054
2024-11-18,10177,M)Spring Festival - Dragon Link F59 S62973,ARISTOCRAT,10,834.84,385.04,797
2024-11-19,10177,M)Raging Bull - Lightning Cash - F59 S63160,ARISTOCRAT,1,834.77,-197.55,235
2024-11-19,10177,M)Bao Zhu Zhao Fu Blue Festival f64 s63912 a24620,ARISTOCRAT,2,4252.25,926.93,2071
2024-11-19,10177,M)Bao Zhu Zhao Fu Red Festival f64 s63908 a24615,ARISTOCRAT,3,563,-962.04,842
2024-11-19,10177,M)Golden Gong Dragon Link  F62 S63596,ARISTOCRAT,4,644.02,301.54,966
2024-11-19,10177,M)Genghis Khan Dragon Link F59 S63102,ARISTOCRAT,5,480.3,320.85,663
2024-11-19,10177,M)Golden Century Dragon Link F59 S62487,ARISTOCRAT,6,900.53,-409.93,705
2024-11-19,10177,M)Peace And Long Life Dragon Link F59 S63126,ARISTOCRAT,7,6944.82,1867.47,3574
2024-11-19,10177,M)Panda Magic Dragon Link F59 S62561,ARISTOCRAT,8,3482.6,1430.92,2020
2024-11-19,10177,M)Happy and Prosperous Dragon Link F59 S62477,ARISTOCRAT,9,2674.08,872.46,1988
2024-11-19,10177,M)Spring Festival - Dragon Link F59 S62973,ARISTOCRAT,10,298.69,153.13,357
2024-11-20,10177,M)Raging Bull - Lightning Cash - F59 S63160,ARISTOCRAT,1,4753.2,1105.42,2579
2024-11-20,10177,M)Bao Zhu Zhao Fu Blue Festival f64 s63912 a24620,ARISTOCRAT,2,1985.25,473.68,2141
2024-11-20,10177,M)Bao Zhu Zhao Fu Red Festival f64 s63908 a24615,ARISTOCRAT,3,1212,104.12,1221
2024-11-20,10177,M)Golden Gong Dragon Link  F62 S63596,ARISTOCRAT,4,10859.13,245.53,2999
2024-11-20,10177,M)Genghis Khan Dragon Link F59 S63102,ARISTOCRAT,5,2971.37,101.59,1322
2024-11-20,10177,M)Golden Century Dragon Link F59 S62487,ARISTOCRAT,6,2911.61,-37.18,2395
2024-11-20,10177,M)Peace And Long Life Dragon Link F59 S63126,ARISTOCRAT,7,7395.39,509.04,4662
2024-11-20,10177,M)Panda Magic Dragon Link F59 S62561,ARISTOCRAT,8,5031.07,-630.99,1768
2024-11-20,10177,M)Happy and Prosperous Dragon Link F59 S62477,ARISTOCRAT,9,4137.42,-193.77,2394
2024-11-20,10177,M)Spring Festival - Dragon Link F59 S62973,ARISTOCRAT,10,1730.82,490.09,1560
2024-11-21,10177,M)Raging Bull - Lightning Cash - F59 S63160,ARISTOCRAT,1,1213.22,522.07,1353
2024-11-21,10177,M)Bao Zhu Zhao Fu Blue Festival f64 s63912 a24620,ARISTOCRAT,2,3225.75,87.79,2510
2024-11-21,10177,M)Bao Zhu Zhao Fu Red Festival f64 s63908 a24615,ARISTOCRAT,3,4465.75,138.81,1949
2024-11-21,10177,M)Golden Gong Dragon Link  F62 S63596,ARISTOCRAT,4,3220.29,-40,2190
2024-11-21,10177,M)Genghis Khan Dragon Link F59 S63102,ARISTOCRAT,5,1886.11,813.85,1324
2024-11-21,10177,M)Golden Century Dragon Link F59 S62487,ARISTOCRAT,6,651.07,-998.25,614
2024-11-21,10177,M)Peace And Long Life Dragon Link F59 S63126,ARISTOCRAT,7,9323.84,1975.5,5313
2024-11-21,10177,M)Panda Magic Dragon Link F59 S62561,ARISTOCRAT,8,642.74,139.43,664
2024-11-21,10177,M)Happy and Prosperous Dragon Link F59 S62477,ARISTOCRAT,9,411.61,145.29,677
2024-11-21,10177,M)Spring Festival - Dragon Link F59 S62973,ARISTOCRAT,10,3338.92,560.34,2358
2024-11-22,10177,M)Raging Bull - Lightning Cash - F59 S63160,ARISTOCRAT,1,1949.06,581.81,1901
2024-11-22,10177,M)Bao Zhu Zhao Fu Blue Festival f64 s63912 a24620,ARISTOCRAT,2,5883.25,1635.16,3957
2024-11-22,10177,M)Bao Zhu Zhao Fu Red Festival f64 s63908 a24615,ARISTOCRAT,3,1660.25,132.82,1794
2024-11-22,10177,M)Golden Gong Dragon Link  F62 S63596,ARISTOCRAT,4,6969.23,196.65,3746
2024-11-22,10177,M)Genghis Khan Dragon Link F59 S63102,ARISTOCRAT,5,2982.53,-322.04,1540
2024-11-22,10177,M)Golden Century Dragon Link F59 S62487,ARISTOCRAT,6,1605.29,501.86,642
2024-11-22,10177,M)Peace And Long Life Dragon Link F59 S63126,ARISTOCRAT,7,9455.34,1412.7,6420
2024-11-22,10177,M)Panda Magic Dragon Link F59 S62561,ARISTOCRAT,8,3482.82,1473.15,1487
2024-11-22,10177,M)Happy and Prosperous Dragon Link F59 S62477,ARISTOCRAT,9,2391.5,-804.44,1436
2024-11-22,10177,M)Spring Festival - Dragon Link F59 S62973,ARISTOCRAT,10,1457.72,519.57,1283
2024-11-23,10177,M)Raging Bull - Lightning Cash - F59 S63160,ARISTOCRAT,1,6556.1,86.48,3535
2024-11-23,10177,M)Bao Zhu Zhao Fu Blue Festival f64 s63912 a24620,ARISTOCRAT,2,2072.25,545.52,1997
2024-11-23,10177,M)Bao Zhu Zhao Fu Red Festival f64 s63908 a24615,ARISTOCRAT,3,3211.5,919.26,2440
2024-11-23,10177,M)Golden Gong Dragon Link  F62 S63596,ARISTOCRAT,4,2274.49,269.93,1506
2024-11-23,10177,M)Genghis Khan Dragon Link F59 S63102,ARISTOCRAT,5,5911.35,775.26,3410
2024-11-23,10177,M)Golden Century Dragon Link F59 S62487,ARISTOCRAT,6,5136.98,1592,2316
2024-11-23,10177,M)Peace And Long Life Dragon Link F59 S63126,ARISTOCRAT,7,13328.07,529.83,8039
2024-11-23,10177,M)Panda Magic Dragon Link F59 S62561,ARISTOCRAT,8,2130.11,856.85,1354
2024-11-23,10177,M)Happy and Prosperous Dragon Link F59 S62477,ARISTOCRAT,9,2343.02,545.26,2496
2024-11-23,10177,M)Spring Festival - Dragon Link F59 S62973,ARISTOCRAT,10,4568.26,408.19,3700
2024-11-24,10177,M)Raging Bull - Lightning Cash - F59 S63160,ARISTOCRAT,1,6594.21,292.43,2817
2024-11-24,10177,M)Bao Zhu Zhao Fu Blue Festival f64 s63912 a24620,ARISTOCRAT,2,5102.25,-523.11,3980
2024-11-24,10177,M)Bao Zhu Zhao Fu Red Festival f64 s63908 a24615,ARISTOCRAT,3,2492.75,-693.83,2516
2024-11-24,10177,M)Golden Gong Dragon Link  F62 S63596,ARISTOCRAT,4,1062.92,241.66,981
2024-11-24,10177,M)Genghis Khan Dragon Link F59 S63102,ARISTOCRAT,5,3295.67,-695.82,2516
2024-11-24,10177,M)Golden Century Dragon Link F59 S62487,ARISTOCRAT,6,4726.21,731.9,2781
2024-11-24,10177,M)Peace And Long Life Dragon Link F59 S63126,ARISTOCRAT,7,1722.27,-223.87,1309
2024-11-24,10177,M)Panda Magic Dragon Link F59 S62561,ARISTOCRAT,8,2482.14,771.56,2237
2024-11-24,10177,M)Happy and Prosperous Dragon Link F59 S62477,ARISTOCRAT,9,1423.66,22.92,1170
2024-11-24,10177,M)Spring Festival - Dragon Link F59 S62973,ARISTOCRAT,10,6164.08,1171.01,4736
2024-11-25,10177,M)Raging Bull - Lightning Cash - F59 S63160,ARISTOCRAT,1,1073.37,-486.25,1063
2024-11-25,10177,M)Bao Zhu Zhao Fu Blue Festival f64 s63912 a24620,ARISTOCRAT,2,3228,-396.38,1949
2024-11-25,10177,M)Bao Zhu Zhao Fu Red Festival f64 s63908 a24615,ARISTOCRAT,3,1173.75,-89.5,1498
2024-11-25,10177,M)Golden Gong Dragon Link  F62 S63596,ARISTOCRAT,4,792.58,393.42,554
2024-11-25,10177,M)Genghis Khan Dragon Link F59 S63102,ARISTOCRAT,5,1012.15,62.54,886
2024-11-25,10177,M)Golden Century Dragon Link F59 S62487,ARISTOCRAT,6,5049.37,459.23,2497
2024-11-25,10177,M)Peace And Long Life Dragon Link F59 S63126,ARISTOCRAT,7,286.25,74.37,197
2024-11-25,10177,M)Panda Magic Dragon Link F59 S62561,ARISTOCRAT,8,2484.39,966.33,1435
2024-11-25,10177,M)Happy and Prosperous Dragon Link F59 S62477,ARISTOCRAT,9,788.68,220.79,1107
2024-11-25,10177,M)Spring Festival - Dragon Link F59 S62973,ARISTOCRAT,10,4713.47,1456.45,2028
2024-11-26,10177,M)Raging Bull - Lightning Cash - F59 S63160,ARISTOCRAT,1,660.2,103.99,757
2024-11-26,10177,M)Bao Zhu Zhao Fu Blue Festival f64 s63912 a24620,ARISTOCRAT,2,1992.25,268.24,1441
2024-11-26,10177,M)Bao Zhu Zhao Fu Red Festival f64 s63908 a24615,ARISTOCRAT,3,516.5,-16.33,1050
2024-11-26,10177,M)Golden Gong Dragon Link  F62 S63596,ARISTOCRAT,4,522.72,-15.29,381
2024-11-26,10177,M)Genghis Khan Dragon Link F59 S63102,ARISTOCRAT,5,294.24,-77.89,161
2024-11-26,10177,M)Golden Century Dragon Link F59 S62487,ARISTOCRAT,6,4510.51,394.82,5299
2024-11-26,10177,M)Peace And Long Life Dragon Link F59 S63126,ARISTOCRAT,7,194.83,146.53,148
2024-11-26,10177,M)Panda Magic Dragon Link F59 S62561,ARISTOCRAT,8,1761.66,-14.95,1399
2024-11-26,10177,M)Happy and Prosperous Dragon Link F59 S62477,ARISTOCRAT,9,1167.13,-236.79,1293
2024-11-26,10177,M)Spring Festival - Dragon Link F59 S62973,ARISTOCRAT,10,3148.47,490.28,2848
2024-11-27,10177,M)Raging Bull - Lightning Cash - F59 S63160,ARISTOCRAT,1,2804.25,863.48,1602
2024-11-27,10177,M)Bao Zhu Zhao Fu Blue Festival f64 s63912 a24620,ARISTOCRAT,2,4351,-1607.73,2499
2024-11-27,10177,M)Bao Zhu Zhao Fu Red Festival f64 s63908 a24615,ARISTOCRAT,3,3932.5,-552.56,1165
2024-11-27,10177,M)Golden Gong Dragon Link  F62 S63596,ARISTOCRAT,4,1744.75,-623.53,464
2024-11-27,10177,M)Genghis Khan Dragon Link F59 S63102,ARISTOCRAT,5,2104.49,-33.09,1054
2024-11-27,10177,M)Golden Century Dragon Link F59 S62487,ARISTOCRAT,6,10301.39,-2391.17,3553
2024-11-27,10177,M)Peace And Long Life Dragon Link F59 S63126,ARISTOCRAT,7,1364.11,62.62,1210
2024-11-27,10177,M)Panda Magic Dragon Link F59 S62561,ARISTOCRAT,8,4338.83,2307.24,1698
2024-11-27,10177,M)Happy and Prosperous Dragon Link F59 S62477,ARISTOCRAT,9,2086.28,328.28,599
2024-11-27,10177,M)Spring Festival - Dragon Link F59 S62973,ARISTOCRAT,10,7883.44,910.51,4067
2024-11-28,10177,M)Raging Bull - Lightning Cash - F59 S63160,ARISTOCRAT,1,1040.99,-83.61,2992
2024-11-28,10177,M)Bao Zhu Zhao Fu Blue Festival f64 s63912 a24620,ARISTOCRAT,2,1813.25,-625.25,1383
2024-11-28,10177,M)Bao Zhu Zhao Fu Red Festival f64 s63908 a24615,ARISTOCRAT,3,1509.5,307.51,2856
2024-11-28,10177,M)Golden Gong Dragon Link  F62 S63596,ARISTOCRAT,4,1411.04,230.91,2812
2024-11-28,10177,M)Genghis Khan Dragon Link F59 S63102,ARISTOCRAT,5,3082.13,690.19,1488
2024-11-28,10177,M)Golden Century Dragon Link F59 S62487,ARISTOCRAT,6,1555.59,284.98,2373
2024-11-28,10177,M)Peace And Long Life Dragon Link F59 S63126,ARISTOCRAT,7,7022.69,2150.81,2980
2024-11-28,10177,M)Panda Magic Dragon Link F59 S62561,ARISTOCRAT,8,9845.09,-2351.88,3597
2024-11-28,10177,M)Happy and Prosperous Dragon Link F59 S62477,ARISTOCRAT,9,1170.98,350.24,867
2024-11-28,10177,M)Spring Festival - Dragon Link F59 S62973,ARISTOCRAT,10,7174.3,1224.92,5656
2024-11-29,10177,M)Raging Bull - Lightning Cash - F59 S63160,ARISTOCRAT,1,1252.12,274.78,927
2024-11-29,10177,M)Bao Zhu Zhao Fu Blue Festival f64 s63912 a24620,ARISTOCRAT,2,4104.25,1349.57,1623
2024-11-29,10177,M)Bao Zhu Zhao Fu Red Festival f64 s63908 a24615,ARISTOCRAT,3,2254.75,118.13,1845
2024-11-29,10177,M)Golden Gong Dragon Link  F62 S63596,ARISTOCRAT,4,892.98,83.06,1068
2024-11-29,10177,M)Genghis Khan Dragon Link F59 S63102,ARISTOCRAT,5,3557.47,502.44,1906
2024-11-29,10177,M)Golden Century Dragon Link F59 S62487,ARISTOCRAT,6,8968.38,1540.88,2357
2024-11-29,10177,M)Peace And Long Life Dragon Link F59 S63126,ARISTOCRAT,7,2476.2,951.35,2881
2024-11-29,10177,M)Panda Magic Dragon Link F59 S62561,ARISTOCRAT,8,7952.03,2024.24,3693
2024-11-29,10177,M)Happy and Prosperous Dragon Link F59 S62477,ARISTOCRAT,9,1526.64,472,1472
2024-11-29,10177,M)Spring Festival - Dragon Link F59 S62973,ARISTOCRAT,10,4682.18,-431.25,3815
2024-11-30,10177,M)Raging Bull - Lightning Cash - F59 S63160,ARISTOCRAT,1,944.26,-707.51,822
2024-11-30,10177,M)Bao Zhu Zhao Fu Blue Festival f64 s63912 a24620,ARISTOCRAT,2,9304.75,2459.84,4352
2024-11-30,10177,M)Bao Zhu Zhao Fu Red Festival f64 s63908 a24615,ARISTOCRAT,3,3761.5,293.39,1548
2024-11-30,10177,M)Golden Gong Dragon Link  F62 S63596,ARISTOCRAT,4,2469.08,134.54,1475
2024-11-30,10177,M)Genghis Khan Dragon Link F59 S63102,ARISTOCRAT,5,2959.24,769.35,1630
2024-11-30,10177,M)Golden Century Dragon Link F59 S62487,ARISTOCRAT,6,3083.85,-155.26,2790
2024-11-30,10177,M)Peace And Long Life Dragon Link F59 S63126,ARISTOCRAT,7,8399.09,1394.35,3329
2024-11-30,10177,M)Panda Magic Dragon Link F59 S62561,ARISTOCRAT,8,12960.1,1751.59,6863
2024-11-30,10177,M)Happy and Prosperous Dragon Link F59 S62477,ARISTOCRAT,9,2867.21,818.9,2116
2024-11-30,10177,M)Spring Festival - Dragon Link F59 S62973,ARISTOCRAT,10,804.3,301.29,607
2024-12-01,10177,M)Raging Bull - Lightning Cash - F59 S63160,ARISTOCRAT,1,2853.03,-1323.98,1193
2024-12-01,10177,M)Bao Zhu Zhao Fu Blue Festival f64 s63912 a24620,ARISTOCRAT,2,2120.75,-225.28,2656
2024-12-01,10177,M)Bao Zhu Zhao Fu Red Festival f64 s63908 a24615,ARISTOCRAT,3,2133.5,409.18,2064
2024-12-01,10177,M)Golden Gong Dragon Link  F62 S63596,ARISTOCRAT,4,3123.55,-507.4,1992
2024-12-01,10177,M)Genghis Khan Dragon Link F59 S63102,ARISTOCRAT,5,3990.89,268.94,2187
2024-12-01,10177,M)Golden Century Dragon Link F59 S62487,ARISTOCRAT,6,4041.45,1262.18,2448
2024-12-01,10177,M)Peace And Long Life Dragon Link F59 S63126,ARISTOCRAT,7,12092.43,1807.51,4932
2024-12-01,10177,M)Panda Magic Dragon Link F59 S62561,ARISTOCRAT,8,7589.21,820.58,3174
2024-12-01,10177,M)Happy and Prosperous Dragon Link F59 S62477,ARISTOCRAT,9,2892.84,898.55,1952
2024-12-01,10177,M)Spring Festival - Dragon Link F59 S62973,ARISTOCRAT,10,1171.7,318.09,819
2024-11-01,10198,M)Forever Emperor - Dragon Train f405 s5301 a26942,Shufflemaster,1,16263.67,1050.74,6172
2024-11-01,10198,M)Chi Lin Wins - Dragon Train f405 s5283 a26941,Shufflemaster,2,20664.78,1420.67,7405
2024-11-01,10198,M)Khutulun Battle Princess - Dragon Train f405 s5289 a26940,Shufflemaster,3,22419.5,-1405.02,6397
2024-11-01,10198,M)Players Choice Pearl Edition f62 s63621,ARISTOCRAT,4,3000.64,1316.54,4212
2024-11-01,10198,M)Player’s Choice Emerald Edition F59 S62748,ARISTOCRAT,5,3302.37,1144.47,2485
2024-11-01,10198,M)5 Dragons Empire F58 S62683,ARISTOCRAT,6,4649.1,289.58,1706
2024-11-01,10198,Wild Wild Emerald 1c,ARISTOCRAT,7,2186,-128.25,1363
2024-11-01,10198,Wild Wild Pearl 1c,ARISTOCRAT,8,1793.5,166,1459
2024-11-01,10198,M)Golden Cash Originals F103 S2091-2106,Ainsworth,9,8029.77,523.28,3288
2024-11-01,10198,M)Raging Bull - Lightning Link - F59 S63165-63168,ARISTOCRAT,10,11107.43,36.25,6924
2024-11-02,10198,M)Forever Emperor - Dragon Train f405 s5301 a26942,Shufflemaster,1,9171.41,-157.59,4698
2024-11-02,10198,M)Chi Lin Wins - Dragon Train f405 s5283 a26941,Shufflemaster,2,9558.77,1611.25,5160
2024-11-02,10198,M)Khutulun Battle Princess - Dragon Train f405 s5289 a26940,Shufflemaster,3,12608.96,1986.14,4861
2024-11-02,10198,M)Players Choice Pearl Edition f62 s63621,ARISTOCRAT,4,3142.88,872.78,2673
2024-11-02,10198,M)Player’s Choice Emerald Edition F59 S62748,ARISTOCRAT,5,2198.18,783.95,1629
2024-11-02,10198,M)5 Dragons Empire F58 S62683,ARISTOCRAT,6,1761.39,736.04,1294
2024-11-02,10198,Wild Wild Emerald 1c,ARISTOCRAT,7,828.5,374.45,751
2024-11-02,10198,Wild Wild Pearl 1c,ARISTOCRAT,8,851,-332.65,803
2024-11-02,10198,M)Golden Cash Originals F103 S2091-2106,Ainsworth,9,1626.67,406.54,1037
2024-11-02,10198,M)Raging Bull - Lightning Link - F59 S63165-63168,ARISTOCRAT,10,6881.63,285.74,4621
2024-11-03,10198,M)Forever Emperor - Dragon Train f405 s5301 a26942,Shufflemaster,1,3042.46,664.43,1362
2024-11-03,10198,M)Chi Lin Wins - Dragon Train f405 s5283 a26941,Shufflemaster,2,6992.65,-777.33,3636
2024-11-03,10198,M)Khutulun Battle Princess - Dragon Train f405 s5289 a26940,Shufflemaster,3,3259.31,-1746.3,3130
2024-11-03,10198,M)Players Choice Pearl Edition f62 s63621,ARISTOCRAT,4,1752.35,164.71,4072
2024-11-03,10198,M)Player’s Choice Emerald Edition F59 S62748,ARISTOCRAT,5,145.2,28.8,209
2024-11-03,10198,M)5 Dragons Empire F58 S62683,ARISTOCRAT,6,1363.16,322.11,1907
2024-11-03,10198,Wild Wild Emerald 1c,ARISTOCRAT,7,810,-429.6,1317
2024-11-03,10198,Wild Wild Pearl 1c,ARISTOCRAT,8,911,184.7,1473
2024-11-03,10198,M)Golden Cash Originals F103 S2091-2106,Ainsworth,9,994.22,379.87,1834
2024-11-03,10198,M)Raging Bull - Lightning Link - F59 S63165-63168,ARISTOCRAT,10,5432.95,1158.42,3934
2024-11-04,10198,M)Forever Emperor - Dragon Train f405 s5301 a26942,Shufflemaster,1,7894.89,956.19,4744
2024-11-04,10198,M)Chi Lin Wins - Dragon Train f405 s5283 a26941,Shufflemaster,2,8203.03,125.17,3905
2024-11-04,10198,M)Khutulun Battle Princess - Dragon Train f405 s5289 a26940,Shufflemaster,3,11930.11,371.72,5278
2024-11-04,10198,M)Players Choice Pearl Edition f62 s63621,ARISTOCRAT,4,769.88,-405.65,3657
2024-11-04,10198,M)Player’s Choice Emerald Edition F59 S62748,ARISTOCRAT,5,848.13,-231.62,1803
2024-11-04,10198,M)5 Dragons Empire F58 S62683,ARISTOCRAT,6,1142.02,282.42,1450
2024-11-04,10198,Wild Wild Emerald 1c,ARISTOCRAT,7,1998.5,-708.25,691
2024-11-04,10198,Wild Wild Pearl 1c,ARISTOCRAT,8,2005.5,3,1138
2024-11-04,10198,M)Golden Cash Originals F103 S2091-2106,Ainsworth,9,1553.86,246.79,1622
2024-11-04,10198,M)Raging Bull - Lightning Link - F59 S63165-63168,ARISTOCRAT,10,7218.45,1387.87,4985
2024-11-05,10198,M)Forever Emperor - Dragon Train f405 s5301 a26942,Shufflemaster,1,6729.89,2897.7,4795
2024-11-05,10198,M)Chi Lin Wins - Dragon Train f405 s5283 a26941,Shufflemaster,2,2392.09,237.04,1107
2024-11-05,10198,M)Khutulun Battle Princess - Dragon Train f405 s5289 a26940,Shufflemaster,3,7602.46,-1072.01,4392
2024-11-05,10198,M)Players Choice Pearl Edition f62 s63621,ARISTOCRAT,4,2705.7,477.6,3930
2024-11-05,10198,M)Player’s Choice Emerald Edition F59 S62748,ARISTOCRAT,5,1442.14,375.89,1006
2024-11-05,10198,M)5 Dragons Empire F58 S62683,ARISTOCRAT,6,1316.11,-655.12,918
2024-11-05,10198,Wild Wild Emerald 1c,ARISTOCRAT,7,1316.5,-695.85,1514
2024-11-05,10198,Wild Wild Pearl 1c,ARISTOCRAT,8,1102,427.8,506
2024-11-05,10198,M)Golden Cash Originals F103 S2091-2106,Ainsworth,9,1251.77,361.6,502
2024-11-05,10198,M)Raging Bull - Lightning Link - F59 S63165-63168,ARISTOCRAT,10,8511.49,-1844.6,7375
2024-11-06,10198,M)Forever Emperor - Dragon Train f405 s5301 a26942,Shufflemaster,1,5789.72,1825.77,5012
2024-11-06,10198,M)Chi Lin Wins - Dragon Train f405 s5283 a26941,Shufflemaster,2,6172.66,1419.73,3781
2024-11-06,10198,M)Khutulun Battle Princess - Dragon Train f405 s5289 a26940,Shufflemaster,3,5000.97,-426.7,3174
2024-11-06,10198,M)Players Choice Pearl Edition f62 s63621,ARISTOCRAT,4,2035.24,99.29,3387
2024-11-06,10198,M)Player’s Choice Emerald Edition F59 S62748,ARISTOCRAT,5,3229.23,-91.47,1790
2024-11-06,10198,M)5 Dragons Empire F58 S62683,ARISTOCRAT,6,7237.45,-1977.24,3703
2024-11-06,10198,Wild Wild Emerald 1c,ARISTOCRAT,7,1388.5,518.85,920
2024-11-06,10198,Wild Wild Pearl 1c,ARISTOCRAT,8,795.5,-36.95,750
2024-11-06,10198,M)Golden Cash Originals F103 S2091-2106,Ainsworth,9,2657.92,485.37,1238
2024-11-06,10198,M)Raging Bull - Lightning Link - F59 S63165-63168,ARISTOCRAT,10,2856.26,-348.95,2434
2024-11-07,10198,M)Forever Emperor - Dragon Train f405 s5301 a26942,Shufflemaster,1,9023.55,1201.83,4946
2024-11-07,10198,M)Chi Lin Wins - Dragon Train f405 s5283 a26941,Shufflemaster,2,7614.97,1073.96,5509
2024-11-07,10198,M)Khutulun Battle Princess - Dragon Train f405 s5289 a26940,Shufflemaster,3,4314.9,25.19,4531
2024-11-07,10198,M)Players Choice Pearl Edition f62 s63621,ARISTOCRAT,4,2341.23,-450.19,2179
2024-11-07,10198,M)Player’s Choice Emerald Edition F59 S62748,ARISTOCRAT,5,3123,1064.62,2676
2024-11-07,10198,M)5 Dragons Empire F58 S62683,ARISTOCRAT,6,5435.74,981.5,3632
2024-11-07,10198,Wild Wild Emerald 1c,ARISTOCRAT,7,1022.5,623.6,974
2024-11-07,10198,Wild Wild Pearl 1c,ARISTOCRAT,8,2538,455.7,1451
2024-11-07,10198,M)Golden Cash Originals F103 S2091-2106,Ainsworth,9,2838.5,47.17,1499
2024-11-07,10198,M)Raging Bull - Lightning Link - F59 S63165-63168,ARISTOCRAT,10,6959.1,-71.98,5891
2024-11-08,10198,M)Forever Emperor - Dragon Train f405 s5301 a26942,Shufflemaster,1,10916.41,-321.86,4680
2024-11-08,10198,M)Chi Lin Wins - Dragon Train f405 s5283 a26941,Shufflemaster,2,7643.73,-418.75,6960
2024-11-08,10198,M)Khutulun Battle Princess - Dragon Train f405 s5289 a26940,Shufflemaster,3,9239.45,-330.42,5420
2024-11-08,10198,M)Players Choice Pearl Edition f62 s63621,ARISTOCRAT,4,4348.15,726.92,4086
2024-11-08,10198,M)Player’s Choice Emerald Edition F59 S62748,ARISTOCRAT,5,5434.03,1695.15,3194
2024-11-08,10198,M)5 Dragons Empire F58 S62683,ARISTOCRAT,6,5026.13,1165.64,4129
2024-11-08,10198,Wild Wild Emerald 1c,ARISTOCRAT,7,2328,-476.9,1579
2024-11-08,10198,Wild Wild Pearl 1c,ARISTOCRAT,8,1276,445.95,1535
2024-11-08,10198,M)Golden Cash Originals F103 S2091-2106,Ainsworth,9,1519.76,-340.92,1985
2024-11-08,10198,M)Raging Bull - Lightning Link - F59 S63165-63168,ARISTOCRAT,10,4460.47,663.14,3024
2024-11-09,10198,M)Forever Emperor - Dragon Train f405 s5301 a26942,Shufflemaster,1,5120.37,1337.59,5898
2024-11-09,10198,M)Chi Lin Wins - Dragon Train f405 s5283 a26941,Shufflemaster,2,11551.25,2858.52,6170
2024-11-09,10198,M)Khutulun Battle Princess - Dragon Train f405 s5289 a26940,Shufflemaster,3,5396.84,413.08,4831
2024-11-09,10198,M)Players Choice Pearl Edition f62 s63621,ARISTOCRAT,4,6666.11,-1492.12,4213
2024-11-09,10198,M)Player’s Choice Emerald Edition F59 S62748,ARISTOCRAT,5,3839.42,16.49,2236
2024-11-09,10198,M)5 Dragons Empire F58 S62683,ARISTOCRAT,6,4577.95,103.77,3659
2024-11-09,10198,Wild Wild Emerald 1c,ARISTOCRAT,7,2503,426,1734
2024-11-09,10198,Wild Wild Pearl 1c,ARISTOCRAT,8,1348,52.7,996
2024-11-09,10198,M)Golden Cash Originals F103 S2091-2106,Ainsworth,9,3402.91,732.03,2348
2024-11-09,10198,M)Raging Bull - Lightning Link - F59 S63165-63168,ARISTOCRAT,10,3579.94,-32.24,3275
2024-11-10,10198,M)Forever Emperor - Dragon Train f405 s5301 a26942,Shufflemaster,1,3168.33,555.65,2066
2024-11-10,10198,M)Chi Lin Wins - Dragon Train f405 s5283 a26941,Shufflemaster,2,2230.87,-495.17,2239
2024-11-10,10198,M)Khutulun Battle Princess - Dragon Train f405 s5289 a26940,Shufflemaster,3,6593.41,108.69,4474
2024-11-10,10198,M)Players Choice Pearl Edition f62 s63621,ARISTOCRAT,4,1146.86,589.33,1575
2024-11-10,10198,M)Player’s Choice Emerald Edition F59 S62748,ARISTOCRAT,5,179.53,78.07,448
2024-11-10,10198,M)5 Dragons Empire F58 S62683,ARISTOCRAT,6,1885.91,434.21,1109
2024-11-10,10198,Wild Wild Emerald 1c,ARISTOCRAT,7,1854.5,91.9,1109
2024-11-10,10198,Wild Wild Pearl 1c,ARISTOCRAT,8,2766.5,868.2,1366
2024-11-10,10198,M)Golden Cash Originals F103 S2091-2106,Ainsworth,9,2144.84,311.05,1139
2024-11-10,10198,M)Raging Bull - Lightning Link - F59 S63165-63168,ARISTOCRAT,10,1836.53,86.41,2383
2024-11-11,10198,M)Forever Emperor - Dragon Train f405 s5301 a26942,Shufflemaster,1,5025.05,1703.93,4312
2024-11-11,10198,M)Chi Lin Wins - Dragon Train f405 s5283 a26941,Shufflemaster,2,6109.43,53.71,3416
2024-11-11,10198,M)Khutulun Battle Princess - Dragon Train f405 s5289 a26940,Shufflemaster,3,3428.93,-1043.67,3566
2024-11-11,10198,M)Players Choice Pearl Edition f62 s63621,ARISTOCRAT,4,2586.63,-241.6,4184
2024-11-11,10198,M)Player’s Choice Emerald Edition F59 S62748,ARISTOCRAT,5,952.21,27.36,851
2024-11-11,10198,M)5 Dragons Empire F58 S62683,ARISTOCRAT,6,1720.61,299.96,1387
2024-11-11,10198,Wild Wild Emerald 1c,ARISTOCRAT,7,593.5,248.3,423
2024-11-11,10198,Wild Wild Pearl 1c,ARISTOCRAT,8,1008.5,-35.65,655
2024-11-11,10198,M)Golden Cash Originals F103 S2091-2106,Ainsworth,9,560.58,284.51,400
2024-11-11,10198,M)Raging Bull - Lightning Link - F59 S63165-63168,ARISTOCRAT,10,2916.74,282.15,2000
2024-11-12,10198,M)Forever Emperor - Dragon Train f405 s5301 a26942,Shufflemaster,1,3965.08,148.63,2516
2024-11-12,10198,M)Chi Lin Wins - Dragon Train f405 s5283 a26941,Shufflemaster,2,10098.57,2523.01,5395
2024-11-12,10198,M)Khutulun Battle Princess - Dragon Train f405 s5289 a26940,Shufflemaster,3,5964.37,-744.79,3150
2024-11-12,10198,M)Players Choice Pearl Edition f62 s63621,ARISTOCRAT,4,1125.2,76.48,3979
2024-11-12,10198,M)Player’s Choice Emerald Edition F59 S62748,ARISTOCRAT,5,3462.09,603.54,2795
2024-11-12,10198,M)5 Dragons Empire F58 S62683,ARISTOCRAT,6,649.25,-184.35,551
2024-11-12,10198,Wild Wild Emerald 1c,ARISTOCRAT,7,1293,-754.7,1119
2024-11-12,10198,Wild Wild Pearl 1c,ARISTOCRAT,8,1434,361.55,1116
2024-11-12,10198,M)Golden Cash Originals F103 S2091-2106,Ainsworth,9,3464.7,-720.2,1734
2024-11-12,10198,M)Raging Bull - Lightning Link - F59 S63165-63168,ARISTOCRAT,10,16381.95,-462.26,7063
2024-11-13,10198,M)Forever Emperor - Dragon Train f405 s5301 a26942,Shufflemaster,1,6331.47,1325.8,5439
2024-11-13,10198,M)Chi Lin Wins - Dragon Train f405 s5283 a26941,Shufflemaster,2,7532.2,-462.81,4962
2024-11-13,10198,M)Khutulun Battle Princess - Dragon Train f405 s5289 a26940,Shufflemaster,3,4618.76,-40.7,2686
2024-11-13,10198,M)Players Choice Pearl Edition f62 s63621,ARISTOCRAT,4,3359.54,-88.17,4400
2024-11-13,10198,M)Player’s Choice Emerald Edition F59 S62748,ARISTOCRAT,5,12210.25,989.27,3486
2024-11-13,10198,M)5 Dragons Empire F58 S62683,ARISTOCRAT,6,2666.99,482.69,1402
2024-11-13,10198,Wild Wild Emerald 1c,ARISTOCRAT,7,2398,133.4,1303
2024-11-13,10198,Wild Wild Pearl 1c,ARISTOCRAT,8,1719.5,-8.15,673
2024-11-13,10198,M)Golden Cash Originals F103 S2091-2106,Ainsworth,9,1979.85,332.08,1141
2024-11-13,10198,M)Raging Bull - Lightning Link - F59 S63165-63168,ARISTOCRAT,10,8733.46,2231.31,4956
2024-11-14,10198,M)Forever Emperor - Dragon Train f405 s5301 a26942,Shufflemaster,1,12076.45,2505.04,6361
2024-11-14,10198,M)Chi Lin Wins - Dragon Train f405 s5283 a26941,Shufflemaster,2,20273.58,1546.2,6858
2024-11-14,10198,M)Khutulun Battle Princess - Dragon Train f405 s5289 a26940,Shufflemaster,3,13031.85,3278.33,6183
2024-11-14,10198,M)Players Choice Pearl Edition f62 s63621,ARISTOCRAT,4,3465.48,-482.45,3077
2024-11-14,10198,M)Player’s Choice Emerald Edition F59 S62748,ARISTOCRAT,5,2751.34,1021.2,2585
2024-11-14,10198,M)5 Dragons Empire F58 S62683,ARISTOCRAT,6,4674.03,755.23,2831
2024-11-14,10198,Wild Wild Emerald 1c,ARISTOCRAT,7,1033.5,-1121.4,1362
2024-11-14,10198,Wild Wild Pearl 1c,ARISTOCRAT,8,1319.5,75.75,905
2024-11-14,10198,M)Golden Cash Originals F103 S2091-2106,Ainsworth,9,4103.78,793.8,3826
2024-11-14,10198,M)Raging Bull - Lightning Link - F59 S63165-63168,ARISTOCRAT,10,3962.89,-410.46,3371
2024-11-15,10198,M)Forever Emperor - Dragon Train f405 s5301 a26942,Shufflemaster,1,13708.33,1617.75,5686
2024-11-15,10198,M)Chi Lin Wins - Dragon Train f405 s5283 a26941,Shufflemaster,2,18535.48,1611.34,7397
2024-11-15,10198,M)Khutulun Battle Princess - Dragon Train f405 s5289 a26940,Shufflemaster,3,13073.19,513.13,6348
2024-11-15,10198,M)Players Choice Pearl Edition f62 s63621,ARISTOCRAT,4,5415.74,98.74,3864
2024-11-15,10198,M)Player’s Choice Emerald Edition F59 S62748,ARISTOCRAT,5,1851.19,760.05,2076
2024-11-15,10198,M)5 Dragons Empire F58 S62683,ARISTOCRAT,6,2739.93,-27.27,1789
2024-11-15,10198,Wild Wild Emerald 1c,ARISTOCRAT,7,1582.5,803.7,851
2024-11-15,10198,Wild Wild Pearl 1c,ARISTOCRAT,8,1234.5,-16.1,959
2024-11-15,10198,M)Golden Cash Originals F103 S2091-2106,Ainsworth,9,15022.26,1847.61,4697
2024-11-15,10198,M)Raging Bull - Lightning Link - F59 S63165-63168,ARISTOCRAT,10,6944.52,895.4,4286
2024-11-16,10198,M)Forever Emperor - Dragon Train f405 s5301 a26942,Shufflemaster,1,8764.07,-503.73,5043
2024-11-16,10198,M)Chi Lin Wins - Dragon Train f405 s5283 a26941,Shufflemaster,2,13382.96,-3711.27,4630
2024-11-16,10198,M)Khutulun Battle Princess - Dragon Train f405 s5289 a26940,Shufflemaster,3,11125.43,87.72,5475
2024-11-16,10198,M)Players Choice Pearl Edition f62 s63621,ARISTOCRAT,4,1968.13,378.76,3043
2024-11-16,10198,M)Player’s Choice Emerald Edition F59 S62748,ARISTOCRAT,5,1889.75,749.6,1598
2024-11-16,10198,M)5 Dragons Empire F58 S62683,ARISTOCRAT,6,3095.08,402.53,2226
2024-11-16,10198,Wild Wild Emerald 1c,ARISTOCRAT,7,1804.5,596.65,861
2024-11-16,10198,Wild Wild Pearl 1c,ARISTOCRAT,8,2686,365.3,1537
2024-11-16,10198,M)Golden Cash Originals F103 S2091-2106,Ainsworth,9,3934.38,398.24,1917
2024-11-16,10198,M)Raging Bull - Lightning Link - F59 S63165-63168,ARISTOCRAT,10,4589.43,1429.21,3074
2024-11-17,10198,M)Forever Emperor - Dragon Train f405 s5301 a26942,Shufflemaster,1,8141.04,2384.04,2576
2024-11-17,10198,M)Chi Lin Wins - Dragon Train f405 s5283 a26941,Shufflemaster,2,9239.5,-302.85,4026
2024-11-17,10198,M)Khutulun Battle Princess - Dragon Train f405 s5289 a26940,Shufflemaster,3,6758.51,557.58,3592
2024-11-17,10198,M)Players Choice Pearl Edition f62 s63621,ARISTOCRAT,4,1487.48,678.26,3011
2024-11-17,10198,M)Player’s Choice Emerald Edition F59 S62748,ARISTOCRAT,5,1719.48,-647.99,1525
2024-11-17,10198,M)5 Dragons Empire F58 S62683,ARISTOCRAT,6,1065.23,707.28,961
2024-11-17,10198,Wild Wild Emerald 1c,ARISTOCRAT,7,926.5,452.8,336
2024-11-17,10198,Wild Wild Pearl 1c,ARISTOCRAT,8,297,149.8,158
2024-11-17,10198,M)Golden Cash Originals F103 S2091-2106,Ainsworth,9,690.02,-33.85,635
2024-11-17,10198,M)Raging Bull - Lightning Link - F59 S63165-63168,ARISTOCRAT,10,2351.82,363.03,2004
2024-11-18,10198,M)Forever Emperor - Dragon Train f405 s5301 a26942,Shufflemaster,1,1163.88,-417.25,1536
2024-11-18,10198,M)Chi Lin Wins - Dragon Train f405 s5283 a26941,Shufflemaster,2,12316.69,2956.5,6012
2024-11-18,10198,M)Khutulun Battle Princess - Dragon Train f405 s5289 a26940,Shufflemaster,3,16360.58,483.13,6175
2024-11-18,10198,M)Players Choice Pearl Edition f62 s63621,ARISTOCRAT,4,1778.26,-120.68,3668
2024-11-18,10198,M)Player’s Choice Emerald Edition F59 S62748,ARISTOCRAT,5,2081.96,644.5,3616
2024-11-18,10198,M)5 Dragons Empire F58 S62683,ARISTOCRAT,6,3030.74,524.89,2876
2024-11-18,10198,Wild Wild Emerald 1c,ARISTOCRAT,7,2466,-2007.4,929
2024-11-18,10198,Wild Wild Pearl 1c,ARISTOCRAT,8,934,227.5,595
2024-11-18,10198,M)Golden Cash Originals F103 S2091-2106,Ainsworth,9,1290.39,35.39,1530
2024-11-18,10198,M)Raging Bull - Lightning Link - F59 S63165-63168,ARISTOCRAT,10,5587.41,2071.41,5261
2024-11-19,10198,M)Forever Emperor - Dragon Train f405 s5301 a26942,Shufflemaster,1,5483.4,548.74,4039
2024-11-19,10198,M)Chi Lin Wins - Dragon Train f405 s5283 a26941,Shufflemaster,2,12561.77,1313.59,6762
2024-11-19,10198,M)Khutulun Battle Princess - Dragon Train f405 s5289 a26940,Shufflemaster,3,5413.92,2116.5,3993
2024-11-19,10198,M)Players Choice Pearl Edition f62 s63621,ARISTOCRAT,4,1884.26,575.82,3228
2024-11-19,10198,M)Player’s Choice Emerald Edition F59 S62748,ARISTOCRAT,5,2467.35,-165.22,2175
2024-11-19,10198,M)5 Dragons Empire F58 S62683,ARISTOCRAT,6,977.91,271.41,866
2024-11-19,10198,Wild Wild Emerald 1c,ARISTOCRAT,7,1189,344.55,878
2024-11-19,10198,Wild Wild Pearl 1c,ARISTOCRAT,8,1078,415.1,1207
2024-11-19,10198,M)Golden Cash Originals F103 S2091-2106,Ainsworth,9,1977.37,500.49,1168
2024-11-19,10198,M)Raging Bull - Lightning Link - F59 S63165-63168,ARISTOCRAT,10,10729.96,-1054.86,3470
2024-11-20,10198,M)Forever Emperor - Dragon Train f405 s5301 a26942,Shufflemaster,1,5625.66,149.69,3489
2024-11-20,10198,M)Chi Lin Wins - Dragon Train f405 s5283 a26941,Shufflemaster,2,14935.11,2759.06,9241
2024-11-20,10198,M)Khutulun Battle Princess - Dragon Train f405 s5289 a26940,Shufflemaster,3,5904.81,1549.05,4037
2024-11-20,10198,M)Players Choice Pearl Edition f62 s63621,ARISTOCRAT,4,7419,855.24,4725
2024-11-20,10198,M)Player’s Choice Emerald Edition F59 S62748,ARISTOCRAT,5,2714.56,780.76,1739
2024-11-20,10198,M)5 Dragons Empire F58 S62683,ARISTOCRAT,6,6469.6,-416.7,2629
2024-11-20,10198,Wild Wild Emerald 1c,ARISTOCRAT,7,302.5,154.85,420
2024-11-20,10198,Wild Wild Pearl 1c,ARISTOCRAT,8,706.5,281.05,585
2024-11-20,10198,M)Golden Cash Originals F103 S2091-2106,Ainsworth,9,434.56,171.01,726
2024-11-20,10198,M)Raging Bull - Lightning Link - F59 S63165-63168,ARISTOCRAT,10,14315.92,1243.34,5511
2024-11-21,10198,M)Forever Emperor - Dragon Train f405 s5301 a26942,Shufflemaster,1,13847.47,1703.66,6569
2024-11-21,10198,M)Chi Lin Wins - Dragon Train f405 s5283 a26941,Shufflemaster,2,15145.14,2758.87,6006
2024-11-21,10198,M)Khutulun Battle Princess - Dragon Train f405 s5289 a26940,Shufflemaster,3,13099.41,1884.51,5320
2024-11-21,10198,M)Players Choice Pearl Edition f62 s63621,ARISTOCRAT,4,3161.62,1039.27,3560
2024-11-21,10198,M)Player’s Choice Emerald Edition F59 S62748,ARISTOCRAT,5,2135.15,1020.28,1784
2024-11-21,10198,M)5 Dragons Empire F58 S62683,ARISTOCRAT,6,3348.42,-657.93,2045
2024-11-21,10198,Wild Wild Emerald 1c,ARISTOCRAT,7,1239,124.75,1340
2024-11-21,10198,Wild Wild Pearl 1c,ARISTOCRAT,8,1296,361.55,1098
2024-11-21,10198,M)Golden Cash Originals F103 S2091-2106,Ainsworth,9,1859.97,372.25,1109
2024-11-21,10198,M)Raging Bull - Lightning Link - F59 S63165-63168,ARISTOCRAT,10,7164.75,1344.83,3588
2024-11-22,10198,M)Forever Emperor - Dragon Train f405 s5301 a26942,Shufflemaster,1,7471.86,1945.39,5528
2024-11-22,10198,M)Chi Lin Wins - Dragon Train f405 s5283 a26941,Shufflemaster,2,9575.84,-44.37,5422
2024-11-22,10198,M)Khutulun Battle Princess - Dragon Train f405 s5289 a26940,Shufflemaster,3,9681.41,769.98,4854
2024-11-22,10198,M)Players Choice Pearl Edition f62 s63621,ARISTOCRAT,4,3694.49,-208.32,4965
2024-11-22,10198,M)Player’s Choice Emerald Edition F59 S62748,ARISTOCRAT,5,1220.78,676.28,1363
2024-11-22,10198,M)5 Dragons Empire F58 S62683,ARISTOCRAT,6,1879.2,-849,2036
2024-11-22,10198,Wild Wild Emerald 1c,ARISTOCRAT,7,1791,572.8,1299
2024-11-22,10198,Wild Wild Pearl 1c,ARISTOCRAT,8,1472.5,-81.65,857
2024-11-22,10198,M)Golden Cash Originals F103 S2091-2106,Ainsworth,9,1415.05,310.86,1373
2024-11-22,10198,M)Raging Bull - Lightning Link - F59 S63165-63168,ARISTOCRAT,10,8033.57,38.54,6364
2024-11-23,10198,M)Forever Emperor - Dragon Train f405 s5301 a26942,Shufflemaster,1,3740.79,757.13,2767
2024-11-23,10198,M)Chi Lin Wins - Dragon Train f405 s5283 a26941,Shufflemaster,2,5628.72,1881.39,4012
2024-11-23,10198,M)Khutulun Battle Princess - Dragon Train f405 s5289 a26940,Shufflemaster,3,1263.55,364.61,1838
2024-11-23,10198,M)Players Choice Pearl Edition f62 s63621,ARISTOCRAT,4,1123.2,58.18,2324
2024-11-23,10198,M)Player’s Choice Emerald Edition F59 S62748,ARISTOCRAT,5,1242.2,-545.05,671
2024-11-23,10198,M)5 Dragons Empire F58 S62683,ARISTOCRAT,6,2039.92,788.77,1483
2024-11-23,10198,Wild Wild Emerald 1c,ARISTOCRAT,7,586.5,-81.55,243
2024-11-23,10198,Wild Wild Pearl 1c,ARISTOCRAT,8,546.5,82.35,255
2024-11-23,10198,M)Golden Cash Originals F103 S2091-2106,Ainsworth,9,2045.69,548.07,1176
2024-11-23,10198,M)Raging Bull - Lightning Link - F59 S63165-63168,ARISTOCRAT,10,6727.53,860.78,3629
2024-11-24,10198,M)Forever Emperor - Dragon Train f405 s5301 a26942,Shufflemaster,1,3284.82,14.24,1744
2024-11-24,10198,M)Chi Lin Wins - Dragon Train f405 s5283 a26941,Shufflemaster,2,14565.33,-314.91,4745
2024-11-24,10198,M)Khutulun Battle Princess - Dragon Train f405 s5289 a26940,Shufflemaster,3,9107.77,228.68,5581
2024-11-24,10198,M)Players Choice Pearl Edition f62 s63621,ARISTOCRAT,4,1064.58,413.31,2420
2024-11-24,10198,M)Player’s Choice Emerald Edition F59 S62748,ARISTOCRAT,5,2319.95,133.41,1509
2024-11-24,10198,M)5 Dragons Empire F58 S62683,ARISTOCRAT,6,3652.75,197.65,3359
2024-11-24,10198,Wild Wild Emerald 1c,ARISTOCRAT,7,521.5,192.6,785
2024-11-24,10198,Wild Wild Pearl 1c,ARISTOCRAT,8,420,279.25,291
2024-11-24,10198,M)Golden Cash Originals F103 S2091-2106,Ainsworth,9,542.9,259.94,347
2024-11-24,10198,M)Raging Bull - Lightning Link - F59 S63165-63168,ARISTOCRAT,10,2287.47,333.05,1730
2024-11-25,10198,M)Forever Emperor - Dragon Train f405 s5301 a26942,Shufflemaster,1,14547.17,-580.09,5576
2024-11-25,10198,M)Chi Lin Wins - Dragon Train f405 s5283 a26941,Shufflemaster,2,14362.18,1971.5,9494
2024-11-25,10198,M)Khutulun Battle Princess - Dragon Train f405 s5289 a26940,Shufflemaster,3,7756.13,2465.83,4444
2024-11-25,10198,M)Players Choice Pearl Edition f62 s63621,ARISTOCRAT,4,1731.69,587.14,1408
2024-11-25,10198,M)Player’s Choice Emerald Edition F59 S62748,ARISTOCRAT,5,4667.3,241.82,2639
2024-11-25,10198,M)5 Dragons Empire F58 S62683,ARISTOCRAT,6,2295.64,983.49,1535
2024-11-25,10198,Wild Wild Emerald 1c,ARISTOCRAT,7,547.5,136.7,247
2024-11-25,10198,Wild Wild Pearl 1c,ARISTOCRAT,8,495.5,321.4,336
2024-11-25,10198,M)Golden Cash Originals F103 S2091-2106,Ainsworth,9,1266.81,116.29,1231
2024-11-25,10198,M)Raging Bull - Lightning Link - F59 S63165-63168,ARISTOCRAT,10,2244.42,639.11,1821
2024-11-26,10198,M)Forever Emperor - Dragon Train f405 s5301 a26942,Shufflemaster,1,5253.91,-253.12,2808
2024-11-26,10198,M)Chi Lin Wins - Dragon Train f405 s5283 a26941,Shufflemaster,2,10174.6,266.02,3547
2024-11-26,10198,M)Khutulun Battle Princess - Dragon Train f405 s5289 a26940,Shufflemaster,3,8478.52,1960.14,4141
2024-11-26,10198,M)Players Choice Pearl Edition f62 s63621,ARISTOCRAT,4,655.12,-83.3,4178
2024-11-26,10198,M)Player’s Choice Emerald Edition F59 S62748,ARISTOCRAT,5,4486.15,267.5,1760
2024-11-26,10198,M)5 Dragons Empire F58 S62683,ARISTOCRAT,6,1687.85,686.55,1296
2024-11-26,10198,Wild Wild Emerald 1c,ARISTOCRAT,7,2445,1026.1,743
2024-11-26,10198,Wild Wild Pearl 1c,ARISTOCRAT,8,787,429.7,367
2024-11-26,10198,M)Golden Cash Originals F103 S2091-2106,Ainsworth,9,1906.58,473.52,1008
2024-11-26,10198,M)Raging Bull - Lightning Link - F59 S63165-63168,ARISTOCRAT,10,3402.85,771.77,3440
2024-11-27,10198,M)Forever Emperor - Dragon Train f405 s5301 a26942,Shufflemaster,1,8414.58,-937.76,3873
2024-11-27,10198,M)Chi Lin Wins - Dragon Train f405 s5283 a26941,Shufflemaster,2,9788.89,-1866.07,5087
2024-11-27,10198,M)Khutulun Battle Princess - Dragon Train f405 s5289 a26940,Shufflemaster,3,11504.08,2933.39,6829
2024-11-27,10198,M)Players Choice Pearl Edition f62 s63621,ARISTOCRAT,4,2956.57,814.53,4904
2024-11-27,10198,M)Player’s Choice Emerald Edition F59 S62748,ARISTOCRAT,5,1738.88,515.83,1528
2024-11-27,10198,M)5 Dragons Empire F58 S62683,ARISTOCRAT,6,1712.74,-61.46,634
2024-11-27,10198,Wild Wild Emerald 1c,ARISTOCRAT,7,1062.5,595.35,645
2024-11-27,10198,Wild Wild Pearl 1c,ARISTOCRAT,8,733,385.35,602
2024-11-27,10198,M)Golden Cash Originals F103 S2091-2106,Ainsworth,9,1368.49,892.01,532
2024-11-27,10198,M)Raging Bull - Lightning Link - F59 S63165-63168,ARISTOCRAT,10,5486.06,958.37,3969
2024-11-28,10198,M)Forever Emperor - Dragon Train f405 s5301 a26942,Shufflemaster,1,10549.57,-535.83,5884
2024-11-28,10198,M)Chi Lin Wins - Dragon Train f405 s5283 a26941,Shufflemaster,2,8728.69,-371.8,6925
2024-11-28,10198,M)Khutulun Battle Princess - Dragon Train f405 s5289 a26940,Shufflemaster,3,5919.35,648.71,5186
2024-11-28,10198,M)Players Choice Pearl Edition f62 s63621,ARISTOCRAT,4,2221.18,243.76,4334
2024-11-28,10198,M)Player’s Choice Emerald Edition F59 S62748,ARISTOCRAT,5,2458.2,971.41,1259
2024-11-28,10198,M)5 Dragons Empire F58 S62683,ARISTOCRAT,6,5396.81,-182.74,2817
2024-11-28,10198,Wild Wild Emerald 1c,ARISTOCRAT,7,999.5,520.6,782
2024-11-28,10198,Wild Wild Pearl 1c,ARISTOCRAT,8,613,-1030.6,405
2024-11-28,10198,M)Golden Cash Originals F103 S2091-2106,Ainsworth,9,2162.45,239.87,1133
2024-11-28,10198,M)Raging Bull - Lightning Link - F59 S63165-63168,ARISTOCRAT,10,4819.8,1377.75,3990
2024-11-29,10198,M)Forever Emperor - Dragon Train f405 s5301 a26942,Shufflemaster,1,9180.36,-3156.8,4175
2024-11-29,10198,M)Chi Lin Wins - Dragon Train f405 s5283 a26941,Shufflemaster,2,7783.01,1498.26,4380
2024-11-29,10198,M)Khutulun Battle Princess - Dragon Train f405 s5289 a26940,Shufflemaster,3,5478.77,1253.86,3028
2024-11-29,10198,M)Players Choice Pearl Edition f62 s63621,ARISTOCRAT,4,2963.33,251.47,2742
2024-11-29,10198,M)Player’s Choice Emerald Edition F59 S62748,ARISTOCRAT,5,3009.67,372.87,2512
2024-11-29,10198,M)5 Dragons Empire F58 S62683,ARISTOCRAT,6,4417.58,833.73,4142
2024-11-29,10198,Wild Wild Emerald 1c,ARISTOCRAT,7,611,-92.4,537
2024-11-29,10198,Wild Wild Pearl 1c,ARISTOCRAT,8,1357,77.75,1004
2024-11-29,10198,M)Golden Cash Originals F103 S2091-2106,Ainsworth,9,4085.08,362.19,2081
2024-11-29,10198,M)Raging Bull - Lightning Link - F59 S63165-63168,ARISTOCRAT,10,8629.25,2655.52,5110
2024-11-30,10198,M)Forever Emperor - Dragon Train f405 s5301 a26942,Shufflemaster,1,10311.76,2028.19,5942
2024-11-30,10198,M)Chi Lin Wins - Dragon Train f405 s5283 a26941,Shufflemaster,2,16644.42,430.21,7301
2024-11-30,10198,M)Khutulun Battle Princess - Dragon Train f405 s5289 a26940,Shufflemaster,3,6254.11,-773.36,4675
2024-11-30,10198,M)Players Choice Pearl Edition f62 s63621,ARISTOCRAT,4,2245.89,601.35,3937
2024-11-30,10198,M)Player’s Choice Emerald Edition F59 S62748,ARISTOCRAT,5,4402.3,2326.43,3933
2024-11-30,10198,M)5 Dragons Empire F58 S62683,ARISTOCRAT,6,4930.47,-429.28,3432
2024-11-30,10198,Wild Wild Emerald 1c,ARISTOCRAT,7,2109,-559.35,1479
2024-11-30,10198,Wild Wild Pearl 1c,ARISTOCRAT,8,1280.5,481.15,828
2024-11-30,10198,M)Golden Cash Originals F103 S2091-2106,Ainsworth,9,4072.9,465.91,1793
2024-11-30,10198,M)Raging Bull - Lightning Link - F59 S63165-63168,ARISTOCRAT,10,6543.23,-542.11,4993
2024-12-01,10198,M)Forever Emperor - Dragon Train f405 s5301 a26942,Shufflemaster,1,3713.77,-2700.17,2366
2024-12-01,10198,M)Chi Lin Wins - Dragon Train f405 s5283 a26941,Shufflemaster,2,7689.71,398.4,4079
2024-12-01,10198,M)Khutulun Battle Princess - Dragon Train f405 s5289 a26940,Shufflemaster,3,3299.41,1326.01,1839
2024-12-01,10198,M)Players Choice Pearl Edition f62 s63621,ARISTOCRAT,4,1020.04,86.1,1690
2024-12-01,10198,M)Player’s Choice Emerald Edition F59 S62748,ARISTOCRAT,5,1620.75,-513.55,983
2024-12-01,10198,M)5 Dragons Empire F58 S62683,ARISTOCRAT,6,1959.07,-81.04,1251
2024-12-01,10198,Wild Wild Emerald 1c,ARISTOCRAT,7,1290,-1074.8,961
2024-12-01,10198,Wild Wild Pearl 1c,ARISTOCRAT,8,1770.5,46.65,785
2024-12-01,10198,M)Golden Cash Originals F103 S2091-2106,Ainsworth,9,225.22,9.1,256
2024-12-01,10198,M)Raging Bull - Lightning Link - F59 S63165-63168,ARISTOCRAT,10,2585.47,110.51,1573
2024-11-01,10203,M)Forever Emperor - Dragon Train f405 s5301 a26942,Shufflemaster,1,14262.56,2125.1,7813
2024-11-01,10203,M)Chi Lin Wins - Dragon Train f405 s5283 a26941,Shufflemaster,2,6942,823.39,5058
2024-11-01,10203,M)Khutulun Battle Princess - Dragon Train f405 s5289 a26940,Shufflemaster,3,12247.59,2431.77,6604
2024-11-01,10203,BIG RED 2 f39 s62388,ARISTOCRAT,4,1538,-589,496
2024-11-01,10203,Black Bear F83 S1359,Ainsworth,5,7932.9,146.9,1628
2024-11-01,10203,M)Cash Caper Golden Strike f1496 s1566 a24085,KONAMI,6,3691.5,1071.28,1640
2024-11-01,10203,M)Red Fleet - Dragon Unleashed f311 s4954 a24949,Shufflemaster,7,8767.15,-970.81,2394
2024-11-01,10203,M)Genghis Khan Dragon Cash F58 S63097,ARISTOCRAT,8,6023.65,315.77,2412
2024-11-01,10203,M)Fireball Blue Moon II Express F23 S62774 CCAU,IGT,9,0,0,0
2024-11-01,10203,M)Autumn Moon Dragon Link F59 S62900,ARISTOCRAT,10,1169.02,-386.58,1615
2024-11-02,10203,M)Forever Emperor - Dragon Train f405 s5301 a26942,Shufflemaster,1,5438.81,490.69,6022
2024-11-02,10203,M)Chi Lin Wins - Dragon Train f405 s5283 a26941,Shufflemaster,2,7029.39,1574.36,5419
2024-11-02,10203,M)Khutulun Battle Princess - Dragon Train f405 s5289 a26940,Shufflemaster,3,6797.88,797.26,5667
2024-11-02,10203,BIG RED 2 f39 s62388,ARISTOCRAT,4,1005,558,279
2024-11-02,10203,Black Bear F83 S1359,Ainsworth,5,1103.1,444.1,481
2024-11-02,10203,M)Cash Caper Golden Strike f1496 s1566 a24085,KONAMI,6,1835.75,-813.2,1163
2024-11-02,10203,M)Red Fleet - Dragon Unleashed f311 s4954 a24949,Shufflemaster,7,2697.75,291.97,3156
2024-11-02,10203,M)Genghis Khan Dragon Cash F58 S63097,ARISTOCRAT,8,2413.44,-1075,1723
2024-11-02,10203,M)Fireball Blue Moon II Express F23 S62774 CCAU,IGT,9,0,0,0
2024-11-02,10203,M)Autumn Moon Dragon Link F59 S62900,ARISTOCRAT,10,2253.02,799.15,2150
2024-11-03,10203,M)Forever Emperor - Dragon Train f405 s5301 a26942,Shufflemaster,1,12057.95,1075.01,6885
2024-11-03,10203,M)Chi Lin Wins - Dragon Train f405 s5283 a26941,Shufflemaster,2,10839.01,2834.82,6675
2024-11-03,10203,M)Khutulun Battle Princess - Dragon Train f405 s5289 a26940,Shufflemaster,3,13450.35,1159.35,7177
2024-11-03,10203,BIG RED 2 f39 s62388,ARISTOCRAT,4,780,506,165
2024-11-03,10203,Black Bear F83 S1359,Ainsworth,5,1918,-281,428
2024-11-03,10203,M)Cash Caper Golden Strike f1496 s1566 a24085,KONAMI,6,8923.75,943.77,2577
2024-11-03,10203,M)Red Fleet - Dragon Unleashed f311 s4954 a24949,Shufflemaster,7,11006.25,1516.65,3829
2024-11-03,10203,M)Genghis Khan Dragon Cash F58 S63097,ARISTOCRAT,8,4821.88,351.04,1693
2024-11-03,10203,M)Fireball Blue Moon II Express F23 S62774 CCAU,IGT,9,0,0,0
2024-11-03,10203,M)Autumn Moon Dragon Link F59 S62900,ARISTOCRAT,10,9311.42,-5162.15,2951
2024-11-04,10203,M)Forever Emperor - Dragon Train f405 s5301 a26942,Shufflemaster,1,17224.32,-1021.6,7646
2024-11-04,10203,M)Chi Lin Wins - Dragon Train f405 s5283 a26941,Shufflemaster,2,7859.21,-1741.36,4871
2024-11-04,10203,M)Khutulun Battle Princess - Dragon Train f405 s5289 a26940,Shufflemaster,3,8655.27,560.52,5251
2024-11-04,10203,BIG RED 2 f39 s62388,ARISTOCRAT,4,1908,-56,506
2024-11-04,10203,Black Bear F83 S1359,Ainsworth,5,4131,81,841
2024-11-04,10203,M)Cash Caper Golden Strike f1496 s1566 a24085,KONAMI,6,2685.5,1009.04,1437
2024-11-04,10203,M)Red Fleet - Dragon Unleashed f311 s4954 a24949,Shufflemaster,7,4906.25,151.67,2666
2024-11-04,10203,M)Genghis Khan Dragon Cash F58 S63097,ARISTOCRAT,8,8024.24,-1185.59,3648
2024-11-04,10203,M)Fireball Blue Moon II Express F23 S62774 CCAU,IGT,9,0,0,0
2024-11-04,10203,M)Autumn Moon Dragon Link F59 S62900,ARISTOCRAT,10,4468.44,1064.24,3927
2024-11-05,10203,M)Forever Emperor - Dragon Train f405 s5301 a26942,Shufflemaster,1,4809.37,657.06,4012
2024-11-05,10203,M)Chi Lin Wins - Dragon Train f405 s5283 a26941,Shufflemaster,2,8717.62,1726.54,4198
2024-11-05,10203,M)Khutulun Battle Princess - Dragon Train f405 s5289 a26940,Shufflemaster,3,17638.59,1446.83,5454
2024-11-05,10203,BIG RED 2 f39 s62388,ARISTOCRAT,4,404,-153,94
2024-11-05,10203,Black Bear F83 S1359,Ainsworth,5,487,145,173
2024-11-05,10203,M)Cash Caper Golden Strike f1496 s1566 a24085,KONAMI,6,1847,236.47,805
2024-11-05,10203,M)Red Fleet - Dragon Unleashed f311 s4954 a24949,Shufflemaster,7,1794.65,403.85,713
2024-11-05,10203,M)Genghis Khan Dragon Cash F58 S63097,ARISTOCRAT,8,3296.21,1086.84,2115
2024-11-05,10203,M)Fireball Blue Moon II Express F23 S62774 CCAU,IGT,9,1480.06,-47.62,1073
2024-11-05,10203,M)Autumn Moon Dragon Link F59 S62900,ARISTOCRAT,10,3266.15,449.59,2675
2024-11-06,10203,M)Forever Emperor - Dragon Train f405 s5301 a26942,Shufflemaster,1,5699.09,603.76,4562
2024-11-06,10203,M)Chi Lin Wins - Dragon Train f405 s5283 a26941,Shufflemaster,2,4009.73,818.47,3019
2024-11-06,10203,M)Khutulun Battle Princess - Dragon Train f405 s5289 a26940,Shufflemaster,3,12306.3,3203.45,5968
2024-11-06,10203,BIG RED 2 f39 s62388,ARISTOCRAT,4,595,-1,184
2024-11-06,10203,Black Bear F83 S1359,Ainsworth,5,1859,94,564
2024-11-06,10203,M)Cash Caper Golden Strike f1496 s1566 a24085,KONAMI,6,1555.5,341.92,1004
2024-11-06,10203,M)Red Fleet - Dragon Unleashed f311 s4954 a24949,Shufflemaster,7,7987.5,1907.38,2767
2024-11-06,10203,M)Genghis Khan Dragon Cash F58 S63097,ARISTOCRAT,8,3671.85,-540.36,2555
2024-11-06,10203,M)Fireball Blue Moon II Express F23 S62774 CCAU,IGT,9,3075.61,140.14,2047
2024-11-06,10203,M)Autumn Moon Dragon Link F59 S62900,ARISTOCRAT,10,3864.59,446.89,4304
2024-11-07,10203,M)Forever Emperor - Dragon Train f405 s5301 a26942,Shufflemaster,1,5040.28,2141.99,3665
2024-11-07,10203,M)Chi Lin Wins - Dragon Train f405 s5283 a26941,Shufflemaster,2,8862.96,1187.57,5823
2024-11-07,10203,M)Khutulun Battle Princess - Dragon Train f405 s5289 a26940,Shufflemaster,3,6122.52,762.76,4317
2024-11-07,10203,BIG RED 2 f39 s62388,ARISTOCRAT,4,579,360,143
2024-11-07,10203,Black Bear F83 S1359,Ainsworth,5,3172,1122,736
2024-11-07,10203,M)Cash Caper Golden Strike f1496 s1566 a24085,KONAMI,6,1503.25,179.87,2047
2024-11-07,10203,M)Red Fleet - Dragon Unleashed f311 s4954 a24949,Shufflemaster,7,2446.4,1017.75,1337
2024-11-07,10203,M)Genghis Khan Dragon Cash F58 S63097,ARISTOCRAT,8,927.3,89.69,499
2024-11-07,10203,M)Fireball Blue Moon II Express F23 S62774 CCAU,IGT,9,1186.01,137.91,763
2024-11-07,10203,M)Autumn Moon Dragon Link F59 S62900,ARISTOCRAT,10,7052.69,1780.37,4337
2024-11-08,10203,M)Forever Emperor - Dragon Train f405 s5301 a26942,Shufflemaster,1,7450.9,-82.2,5055
2024-11-08,10203,M)Chi Lin Wins - Dragon Train f405 s5283 a26941,Shufflemaster,2,13922.74,655.55,6626
2024-11-08,10203,M)Khutulun Battle Princess - Dragon Train f405 s5289 a26940,Shufflemaster,3,10241.68,-1255.93,5851
2024-11-08,10203,BIG RED 2 f39 s62388,ARISTOCRAT,4,1644,56,357
2024-11-08,10203,Black Bear F83 S1359,Ainsworth,5,3559,1392,838
2024-11-08,10203,M)Cash Caper Golden Strike f1496 s1566 a24085,KONAMI,6,4704.25,1563.74,1881
2024-11-08,10203,M)Red Fleet - Dragon Unleashed f311 s4954 a24949,Shufflemaster,7,10949.95,2242.05,3772
2024-11-08,10203,M)Genghis Khan Dragon Cash F58 S63097,ARISTOCRAT,8,4664.4,-817.91,2470
2024-11-08,10203,M)Fireball Blue Moon II Express F23 S62774 CCAU,IGT,9,5438.06,1151.93,3324
2024-11-08,10203,M)Autumn Moon Dragon Link F59 S62900,ARISTOCRAT,10,5065.24,123.62,3877
2024-11-09,10203,M)Forever Emperor - Dragon Train f405 s5301 a26942,Shufflemaster,1,11976.66,-150.59,4994
2024-11-09,10203,M)Chi Lin Wins - Dragon Train f405 s5283 a26941,Shufflemaster,2,4516.41,1529.16,2746
2024-11-09,10203,M)Khutulun Battle Princess - Dragon Train f405 s5289 a26940,Shufflemaster,3,6513.23,1932.87,4809
2024-11-09,10203,BIG RED 2 f39 s62388,ARISTOCRAT,4,601,325,200
2024-11-09,10203,Black Bear F83 S1359,Ainsworth,5,1955.4,615.4,563
2024-11-09,10203,M)Cash Caper Golden Strike f1496 s1566 a24085,KONAMI,6,2906.75,-423.65,2037
2024-11-09,10203,M)Red Fleet - Dragon Unleashed f311 s4954 a24949,Shufflemaster,7,7098.2,179.12,4979
2024-11-09,10203,M)Genghis Khan Dragon Cash F58 S63097,ARISTOCRAT,8,2192.74,942.21,1509
2024-11-09,10203,M)Fireball Blue Moon II Express F23 S62774 CCAU,IGT,9,2967.57,548.51,2266
2024-11-09,10203,M)Autumn Moon Dragon Link F59 S62900,ARISTOCRAT,10,3653.88,-200.56,2378
2024-11-10,10203,M)Forever Emperor - Dragon Train f405 s5301 a26942,Shufflemaster,1,3747.79,-1027.14,2389
2024-11-10,10203,M)Chi Lin Wins - Dragon Train f405 s5283 a26941,Shufflemaster,2,11727.93,-651.84,5198
2024-11-10,10203,M)Khutulun Battle Princess - Dragon Train f405 s5289 a26940,Shufflemaster,3,17183.33,2883.98,7295
2024-11-10,10203,BIG RED 2 f39 s62388,ARISTOCRAT,4,276,205,76
2024-11-10,10203,Black Bear F83 S1359,Ainsworth,5,1651,635,411
2024-11-10,10203,M)Cash Caper Golden Strike f1496 s1566 a24085,KONAMI,6,2228,680.05,1047
2024-11-10,10203,M)Red Fleet - Dragon Unleashed f311 s4954 a24949,Shufflemaster,7,13356.4,417.57,3669
2024-11-10,10203,M)Genghis Khan Dragon Cash F58 S63097,ARISTOCRAT,8,9764.04,1482.88,2817
2024-11-10,10203,M)Fireball Blue Moon II Express F23 S62774 CCAU,IGT,9,5683.88,199.93,4091
2024-11-10,10203,M)Autumn Moon Dragon Link F59 S62900,ARISTOCRAT,10,1479.78,496.72,664
2024-11-11,10203,M)Forever Emperor - Dragon Train f405 s5301 a26942,Shufflemaster,1,7373,1552.7,2909
2024-11-11,10203,M)Chi Lin Wins - Dragon Train f405 s5283 a26941,Shufflemaster,2,3931.73,622.45,1586
2024-11-11,10203,M)Khutulun Battle Princess - Dragon Train f405 s5289 a26940,Shufflemaster,3,24939.95,-2147.7,8355
2024-11-11,10203,BIG RED 2 f39 s62388,ARISTOCRAT,4,323,179,67
2024-11-11,10203,Black Bear F83 S1359,Ainsworth,5,5084.65,2296.65,1050
2024-11-11,10203,M)Cash Caper Golden Strike f1496 s1566 a24085,KONAMI,6,2754.25,93.16,1191
2024-11-11,10203,M)Red Fleet - Dragon Unleashed f311 s4954 a24949,Shufflemaster,7,7605.7,1836,3105
2024-11-11,10203,M)Genghis Khan Dragon Cash F58 S63097,ARISTOCRAT,8,4097.7,670.74,3700
2024-11-11,10203,M)Fireball Blue Moon II Express F23 S62774 CCAU,IGT,9,1219.35,-908.26,1698
2024-11-11,10203,M)Autumn Moon Dragon Link F59 S62900,ARISTOCRAT,10,790.47,-166.45,561
2024-11-12,10203,M)Forever Emperor - Dragon Train f405 s5301 a26942,Shufflemaster,1,6969.01,1363.45,4566
2024-11-12,10203,M)Chi Lin Wins - Dragon Train f405 s5283 a26941,Shufflemaster,2,11092.47,173.6,4502
2024-11-12,10203,M)Khutulun Battle Princess - Dragon Train f405 s5289 a26940,Shufflemaster,3,4765.01,2080.68,2922
2024-11-12,10203,BIG RED 2 f39 s62388,ARISTOCRAT,4,719,201,160
2024-11-12,10203,Black Bear F83 S1359,Ainsworth,5,2459,205,724
2024-11-12,10203,M)Cash Caper Golden Strike f1496 s1566 a24085,KONAMI,6,1451.25,-665.08,1001
2024-11-12,10203,M)Red Fleet - Dragon Unleashed f311 s4954 a24949,Shufflemaster,7,9056.45,269.68,3714
2024-11-12,10203,M)Genghis Khan Dragon Cash F58 S63097,ARISTOCRAT,8,2043.37,370.11,1670
2024-11-12,10203,M)Fireball Blue Moon II Express F23 S62774 CCAU,IGT,9,1883.8,-632.35,1038
2024-11-12,10203,M)Autumn Moon Dragon Link F59 S62900,ARISTOCRAT,10,921.93,-309.66,592
2024-11-13,10203,M)Forever Emperor - Dragon Train f405 s5301 a26942,Shufflemaster,1,12694.6,75.93,7107
2024-11-13,10203,M)Chi Lin Wins - Dragon Train f405 s5283 a26941,Shufflemaster,2,9925.68,673.67,6037
2024-11-13,10203,M)Khutulun Battle Princess - Dragon Train f405 s5289 a26940,Shufflemaster,3,8193.03,579.28,5768
2024-11-13,10203,BIG RED 2 f39 s62388,ARISTOCRAT,4,2152,341,448
2024-11-13,10203,Black Bear F83 S1359,Ainsworth,5,4150,296,1028
2024-11-13,10203,M)Cash Caper Golden Strike f1496 s1566 a24085,KONAMI,6,1970.25,352.1,1544
2024-11-13,10203,M)Red Fleet - Dragon Unleashed f311 s4954 a24949,Shufflemaster,7,8873.2,74.73,2436
2024-11-13,10203,M)Genghis Khan Dragon Cash F58 S63097,ARISTOCRAT,8,6142.71,552.92,2311
2024-11-13,10203,M)Fireball Blue Moon II Express F23 S62774 CCAU,IGT,9,2472.25,559.5,1046
2024-11-13,10203,M)Autumn Moon Dragon Link F59 S62900,ARISTOCRAT,10,1997.54,673.12,1685
2024-11-14,10203,M)Forever Emperor - Dragon Train f405 s5301 a26942,Shufflemaster,1,9242.12,-5.29,3800
2024-11-14,10203,M)Chi Lin Wins - Dragon Train f405 s5283 a26941,Shufflemaster,2,19992.16,1544.68,6537
2024-11-14,10203,M)Khutulun Battle Princess - Dragon Train f405 s5289 a26940,Shufflemaster,3,10578.74,2700.65,4742
2024-11-14,10203,BIG RED 2 f39 s62388,ARISTOCRAT,4,1613,43,501
2024-11-14,10203,Black Bear F83 S1359,Ainsworth,5,6016,261,1286
2024-11-14,10203,M)Cash Caper Golden Strike f1496 s1566 a24085,KONAMI,6,2474.25,1241.06,800
2024-11-14,10203,M)Red Fleet - Dragon Unleashed f311 s4954 a24949,Shufflemaster,7,3290.4,-335.72,1304
2024-11-14,10203,M)Genghis Khan Dragon Cash F58 S63097,ARISTOCRAT,8,5974.91,2159.61,5278
2024-11-14,10203,M)Fireball Blue Moon II Express F23 S62774 CCAU,IGT,9,3032.53,203.92,1318
2024-11-14,10203,M)Autumn Moon Dragon Link F59 S62900,ARISTOCRAT,10,1085.64,-729.81,380
2024-11-15,10203,M)Forever Emperor - Dragon Train f405 s5301 a26942,Shufflemaster,1,8439.32,1737.74,5542
2024-11-15,10203,M)Chi Lin Wins - Dragon Train f405 s5283 a26941,Shufflemaster,2,4040.29,794,3585
2024-11-15,10203,M)Khutulun Battle Princess - Dragon Train f405 s5289 a26940,Shufflemaster,3,10174.14,800.28,8141
2024-11-15,10203,BIG RED 2 f39 s62388,ARISTOCRAT,4,859,62,233
2024-11-15,10203,Black Bear F83 S1359,Ainsworth,5,3556,1198,789
2024-11-15,10203,M)Cash Caper Golden Strike f1496 s1566 a24085,KONAMI,6,2000.25,67.18,1311
2024-11-15,10203,M)Red Fleet - Dragon Unleashed f311 s4954 a24949,Shufflemaster,7,5194.5,2293.37,2041
2024-11-15,10203,M)Genghis Khan Dragon Cash F58 S63097,ARISTOCRAT,8,6483.24,410.31,5680
2024-11-15,10203,M)Fireball Blue Moon II Express F23 S62774 CCAU,IGT,9,855.88,317,1251
2024-11-15,10203,M)Autumn Moon Dragon Link F59 S62900,ARISTOCRAT,10,3632.08,438.61,2405
2024-11-16,10203,M)Forever Emperor - Dragon Train f405 s5301 a26942,Shufflemaster,1,8346.07,-695.26,6742
2024-11-16,10203,M)Chi Lin Wins - Dragon Train f405 s5283 a26941,Shufflemaster,2,5134.22,1305.72,3426
2024-11-16,10203,M)Khutulun Battle Princess - Dragon Train f405 s5289 a26940,Shufflemaster,3,10343.92,2103.18,5901
2024-11-16,10203,BIG RED 2 f39 s62388,ARISTOCRAT,4,6447,-2338,1376
2024-11-16,10203,Black Bear F83 S1359,Ainsworth,5,7208.74,499.74,1536
2024-11-16,10203,M)Cash Caper Golden Strike f1496 s1566 a24085,KONAMI,6,2764.75,91.15,1617
2024-11-16,10203,M)Red Fleet - Dragon Unleashed f311 s4954 a24949,Shufflemaster,7,2489.3,583.04,1650
2024-11-16,10203,M)Genghis Khan Dragon Cash F58 S63097,ARISTOCRAT,8,9246.35,-1662.71,4027
2024-11-16,10203,M)Fireball Blue Moon II Express F23 S62774 CCAU,IGT,9,2668.89,-437.34,2138
2024-11-16,10203,M)Autumn Moon Dragon Link F59 S62900,ARISTOCRAT,10,1674.68,558.72,1846
2024-11-17,10203,M)Forever Emperor - Dragon Train f405 s5301 a26942,Shufflemaster,1,4460.01,662.15,2777
2024-11-17,10203,M)Chi Lin Wins - Dragon Train f405 s5283 a26941,Shufflemaster,2,7796.62,-381.5,2240
2024-11-17,10203,M)Khutulun Battle Princess - Dragon Train f405 s5289 a26940,Shufflemaster,3,12899.58,649.06,4899
2024-11-17,10203,BIG RED 2 f39 s62388,ARISTOCRAT,4,1246,434,332
2024-11-17,10203,Black Bear F83 S1359,Ainsworth,5,4496.7,752.7,976
2024-11-17,10203,M)Cash Caper Golden Strike f1496 s1566 a24085,KONAMI,6,1387.25,107.7,683
2024-11-17,10203,M)Red Fleet - Dragon Unleashed f311 s4954 a24949,Shufflemaster,7,9846.9,343.26,3033
2024-11-17,10203,M)Genghis Khan Dragon Cash F58 S63097,ARISTOCRAT,8,1172.92,326.22,868
2024-11-17,10203,M)Fireball Blue Moon II Express F23 S62774 CCAU,IGT,9,762.12,239,829
2024-11-17,10203,M)Autumn Moon Dragon Link F59 S62900,ARISTOCRAT,10,2837.59,912.81,1726
2024-11-18,10203,M)Forever Emperor - Dragon Train f405 s5301 a26942,Shufflemaster,1,5443.82,1555.29,3128
2024-11-18,10203,M)Chi Lin Wins - Dragon Train f405 s5283 a26941,Shufflemaster,2,5000.87,-1278.19,2716
2024-11-18,10203,M)Khutulun Battle Princess - Dragon Train f405 s5289 a26940,Shufflemaster,3,8339.94,1780.74,5753
2024-11-18,10203,BIG RED 2 f39 s62388,ARISTOCRAT,4,2240,-2211,556
2024-11-18,10203,Black Bear F83 S1359,Ainsworth,5,1878.2,-313.8,467
2024-11-18,10203,M)Cash Caper Golden Strike f1496 s1566 a24085,KONAMI,6,2009,-146.24,714
2024-11-18,10203,M)Red Fleet - Dragon Unleashed f311 s4954 a24949,Shufflemaster,7,5223.45,436.96,1741
2024-11-18,10203,M)Genghis Khan Dragon Cash F58 S63097,ARISTOCRAT,8,5547.56,656.01,1337
2024-11-18,10203,M)Fireball Blue Moon II Express F23 S62774 CCAU,IGT,9,1018.05,223.06,1508
2024-11-18,10203,M)Autumn Moon Dragon Link F59 S62900,ARISTOCRAT,10,783.11,112.45,802
2024-11-19,10203,M)Forever Emperor - Dragon Train f405 s5301 a26942,Shufflemaster,1,10016.59,402.08,5183
2024-11-19,10203,M)Chi Lin Wins - Dragon Train f405 s5283 a26941,Shufflemaster,2,16311.22,1785.56,5740
2024-11-19,10203,M)Khutulun Battle Princess - Dragon Train f405 s5289 a26940,Shufflemaster,3,21225.98,4984.18,10873
2024-11-19,10203,BIG RED 2 f39 s62388,ARISTOCRAT,4,2995,784,728
2024-11-19,10203,Black Bear F83 S1359,Ainsworth,5,7003,-2696,1609
2024-11-19,10203,M)Cash Caper Golden Strike f1496 s1566 a24085,KONAMI,6,1235,-145.4,517
2024-11-19,10203,M)Red Fleet - Dragon Unleashed f311 s4954 a24949,Shufflemaster,7,3934.15,-204.3,1834
2024-11-19,10203,M)Genghis Khan Dragon Cash F58 S63097,ARISTOCRAT,8,8236.3,1997.01,3676
2024-11-19,10203,M)Fireball Blue Moon II Express F23 S62774 CCAU,IGT,9,2118.37,106.49,2629
2024-11-19,10203,M)Autumn Moon Dragon Link F59 S62900,ARISTOCRAT,10,1824.28,-989.82,760
2024-11-20,10203,M)Forever Emperor - Dragon Train f405 s5301 a26942,Shufflemaster,1,5222.67,1559.44,2661
2024-11-20,10203,M)Chi Lin Wins - Dragon Train f405 s5283 a26941,Shufflemaster,2,12386.54,482.98,5381
2024-11-20,10203,M)Khutulun Battle Princess - Dragon Train f405 s5289 a26940,Shufflemaster,3,17038.53,908.15,6767
2024-11-20,10203,BIG RED 2 f39 s62388,ARISTOCRAT,4,546,75,129
2024-11-20,10203,Black Bear F83 S1359,Ainsworth,5,4417,-631,1086
2024-11-20,10203,M)Cash Caper Golden Strike f1496 s1566 a24085,KONAMI,6,4198,618.76,1413
2024-11-20,10203,M)Red Fleet - Dragon Unleashed f311 s4954 a24949,Shufflemaster,7,5155.6,814.46,2342
2024-11-20,10203,M)Genghis Khan Dragon Cash F58 S63097,ARISTOCRAT,8,3794.85,1114.9,3242
2024-11-20,10203,M)Fireball Blue Moon II Express F23 S62774 CCAU,IGT,9,1812.01,773.57,2091
2024-11-20,10203,M)Autumn Moon Dragon Link F59 S62900,ARISTOCRAT,10,480.2,37.83,387
2024-11-21,10203,M)Forever Emperor - Dragon Train f405 s5301 a26942,Shufflemaster,1,6238.91,858.61,4008
2024-11-21,10203,M)Chi Lin Wins - Dragon Train f405 s5283 a26941,Shufflemaster,2,10919.79,3578.5,6865
2024-11-21,10203,M)Khutulun Battle Princess - Dragon Train f405 s5289 a26940,Shufflemaster,3,9053.33,294.79,9236
2024-11-21,10203,BIG RED 2 f39 s62388,ARISTOCRAT,4,3326,265,742
2024-11-21,10203,Black Bear F83 S1359,Ainsworth,5,3629,0,1027
2024-11-21,10203,M)Cash Caper Golden Strike f1496 s1566 a24085,KONAMI,6,6686.25,1507.5,2869
2024-11-21,10203,M)Red Fleet - Dragon Unleashed f311 s4954 a24949,Shufflemaster,7,4445.5,266.79,1798
2024-11-21,10203,M)Genghis Khan Dragon Cash F58 S63097,ARISTOCRAT,8,6175.59,968.88,2550
2024-11-21,10203,M)Fireball Blue Moon II Express F23 S62774 CCAU,IGT,9,2463.06,215.38,1650
2024-11-21,10203,M)Autumn Moon Dragon Link F59 S62900,ARISTOCRAT,10,1290.37,196.86,1557
2024-11-22,10203,M)Forever Emperor - Dragon Train f405 s5301 a26942,Shufflemaster,1,7857.46,2049.15,5207
2024-11-22,10203,M)Chi Lin Wins - Dragon Train f405 s5283 a26941,Shufflemaster,2,13558.02,386.01,7328
2024-11-22,10203,M)Khutulun Battle Princess - Dragon Train f405 s5289 a26940,Shufflemaster,3,10226.95,668.41,6012
2024-11-22,10203,BIG RED 2 f39 s62388,ARISTOCRAT,4,2283,919,501
2024-11-22,10203,Black Bear F83 S1359,Ainsworth,5,7045.27,55.27,1612
2024-11-22,10203,M)Cash Caper Golden Strike f1496 s1566 a24085,KONAMI,6,2805,1483.28,2132
2024-11-22,10203,M)Red Fleet - Dragon Unleashed f311 s4954 a24949,Shufflemaster,7,6726.35,-233.33,2261
2024-11-22,10203,M)Genghis Khan Dragon Cash F58 S63097,ARISTOCRAT,8,3657.79,-952.4,1316
2024-11-22,10203,M)Fireball Blue Moon II Express F23 S62774 CCAU,IGT,9,2888.31,146.27,2702
2024-11-22,10203,M)Autumn Moon Dragon Link F59 S62900,ARISTOCRAT,10,2675.12,264.22,3036
2024-11-23,10203,M)Forever Emperor - Dragon Train f405 s5301 a26942,Shufflemaster,1,10307.14,1371.9,5664
2024-11-23,10203,M)Chi Lin Wins - Dragon Train f405 s5283 a26941,Shufflemaster,2,18478.62,-547.03,6371
2024-11-23,10203,M)Khutulun Battle Princess - Dragon Train f405 s5289 a26940,Shufflemaster,3,3684.92,1310.64,3599
2024-11-23,10203,BIG RED 2 f39 s62388,ARISTOCRAT,4,2975,-6,624
2024-11-23,10203,Black Bear F83 S1359,Ainsworth,5,6629.76,948.76,1687
2024-11-23,10203,M)Cash Caper Golden Strike f1496 s1566 a24085,KONAMI,6,5571.75,169.93,2686
2024-11-23,10203,M)Red Fleet - Dragon Unleashed f311 s4954 a24949,Shufflemaster,7,5733,1201.55,4651
2024-11-23,10203,M)Genghis Khan Dragon Cash F58 S63097,ARISTOCRAT,8,4252.45,-835.3,2111
2024-11-23,10203,M)Fireball Blue Moon II Express F23 S62774 CCAU,IGT,9,1271.02,-501.11,868
2024-11-23,10203,M)Autumn Moon Dragon Link F59 S62900,ARISTOCRAT,10,3430.78,671.15,2741
2024-11-24,10203,M)Forever Emperor - Dragon Train f405 s5301 a26942,Shufflemaster,1,1628.69,725.67,2102
2024-11-24,10203,M)Chi Lin Wins - Dragon Train f405 s5283 a26941,Shufflemaster,2,3216.8,1495.79,2164
2024-11-24,10203,M)Khutulun Battle Princess - Dragon Train f405 s5289 a26940,Shufflemaster,3,5412.46,-704.02,2839
2024-11-24,10203,BIG RED 2 f39 s62388,ARISTOCRAT,4,961,167,360
2024-11-24,10203,Black Bear F83 S1359,Ainsworth,5,8597,952,2033
2024-11-24,10203,M)Cash Caper Golden Strike f1496 s1566 a24085,KONAMI,6,2228.75,-206.9,975
2024-11-24,10203,M)Red Fleet - Dragon Unleashed f311 s4954 a24949,Shufflemaster,7,8205.05,-951.52,3606
2024-11-24,10203,M)Genghis Khan Dragon Cash F58 S63097,ARISTOCRAT,8,2235.16,434.03,1265
2024-11-24,10203,M)Fireball Blue Moon II Express F23 S62774 CCAU,IGT,9,1361.33,269.41,1987
2024-11-24,10203,M)Autumn Moon Dragon Link F59 S62900,ARISTOCRAT,10,619.14,-63.17,518
2024-11-25,10203,M)Forever Emperor - Dragon Train f405 s5301 a26942,Shufflemaster,1,7550.21,584.31,3612
2024-11-25,10203,M)Chi Lin Wins - Dragon Train f405 s5283 a26941,Shufflemaster,2,8698.29,2158.56,4899
2024-11-25,10203,M)Khutulun Battle Princess - Dragon Train f405 s5289 a26940,Shufflemaster,3,6259.15,-683.93,4774
2024-11-25,10203,BIG RED 2 f39 s62388,ARISTOCRAT,4,0,0,0
2024-11-25,10203,Black Bear F83 S1359,Ainsworth,5,6787.5,383.5,1430
2024-11-25,10203,M)Cash Caper Golden Strike f1496 s1566 a24085,KONAMI,6,2796.5,-2158.49,1944
2024-11-25,10203,M)Red Fleet - Dragon Unleashed f311 s4954 a24949,Shufflemaster,7,3850.15,-336.93,1361
2024-11-25,10203,M)Genghis Khan Dragon Cash F58 S63097,ARISTOCRAT,8,3184.01,-3412.97,1428
2024-11-25,10203,M)Fireball Blue Moon II Express F23 S62774 CCAU,IGT,9,1239.49,205.14,964
2024-11-25,10203,M)Autumn Moon Dragon Link F59 S62900,ARISTOCRAT,10,1347.93,148.31,652
2024-11-26,10203,M)Forever Emperor - Dragon Train f405 s5301 a26942,Shufflemaster,1,11448.92,97.77,4031
2024-11-26,10203,M)Chi Lin Wins - Dragon Train f405 s5283 a26941,Shufflemaster,2,11150.9,2224.8,6916
2024-11-26,10203,M)Khutulun Battle Princess - Dragon Train f405 s5289 a26940,Shufflemaster,3,8250.39,1.04,4567
2024-11-26,10203,BIG RED 2 f39 s62388,ARISTOCRAT,4,691,-301,161
2024-11-26,10203,Black Bear F83 S1359,Ainsworth,5,10997.38,2176.38,2464
2024-11-26,10203,M)Cash Caper Golden Strike f1496 s1566 a24085,KONAMI,6,2008.5,-116.7,1032
2024-11-26,10203,M)Red Fleet - Dragon Unleashed f311 s4954 a24949,Shufflemaster,7,8502.5,1027.06,2495
2024-11-26,10203,M)Genghis Khan Dragon Cash F58 S63097,ARISTOCRAT,8,10895.27,2359.28,3923
2024-11-26,10203,M)Fireball Blue Moon II Express F23 S62774 CCAU,IGT,9,4110.28,111.1,2841
2024-11-26,10203,M)Autumn Moon Dragon Link F59 S62900,ARISTOCRAT,10,2697.07,-788.17,1322
2024-11-27,10203,M)Forever Emperor - Dragon Train f405 s5301 a26942,Shufflemaster,1,4306.04,352.48,2438
2024-11-27,10203,M)Chi Lin Wins - Dragon Train f405 s5283 a26941,Shufflemaster,2,10777.68,2107.21,5722
2024-11-27,10203,M)Khutulun Battle Princess - Dragon Train f405 s5289 a26940,Shufflemaster,3,10560.28,337.58,5711
2024-11-27,10203,BIG RED 2 f39 s62388,ARISTOCRAT,4,1472,409,315
2024-11-27,10203,Black Bear F83 S1359,Ainsworth,5,6358,507,1307
2024-11-27,10203,M)Cash Caper Golden Strike f1496 s1566 a24085,KONAMI,6,1895.25,1246.8,641
2024-11-27,10203,M)Red Fleet - Dragon Unleashed f311 s4954 a24949,Shufflemaster,7,1485.5,-568.66,766
2024-11-27,10203,M)Genghis Khan Dragon Cash F58 S63097,ARISTOCRAT,8,9067.54,-304.02,5503
2024-11-27,10203,M)Fireball Blue Moon II Express F23 S62774 CCAU,IGT,9,1240.02,568.69,655
2024-11-27,10203,M)Autumn Moon Dragon Link F59 S62900,ARISTOCRAT,10,5465.44,1046.57,3037
2024-11-28,10203,M)Forever Emperor - Dragon Train f405 s5301 a26942,Shufflemaster,1,23814.61,2055.97,8209
2024-11-28,10203,M)Chi Lin Wins - Dragon Train f405 s5283 a26941,Shufflemaster,2,13472.89,2150.79,10398
2024-11-28,10203,M)Khutulun Battle Princess - Dragon Train f405 s5289 a26940,Shufflemaster,3,8831.76,1097.56,9775
2024-11-28,10203,BIG RED 2 f39 s62388,ARISTOCRAT,4,865,540,187
2024-11-28,10203,Black Bear F83 S1359,Ainsworth,5,11514.58,1267.58,2454
2024-11-28,10203,M)Cash Caper Golden Strike f1496 s1566 a24085,KONAMI,6,4726.25,586.13,2033
2024-11-28,10203,M)Red Fleet - Dragon Unleashed f311 s4954 a24949,Shufflemaster,7,4989,-492.62,1619
2024-11-28,10203,M)Genghis Khan Dragon Cash F58 S63097,ARISTOCRAT,8,5948.84,1820.57,3866
2024-11-28,10203,M)Fireball Blue Moon II Express F23 S62774 CCAU,IGT,9,3835.84,353.63,3180
2024-11-28,10203,M)Autumn Moon Dragon Link F59 S62900,ARISTOCRAT,10,5150.5,1447.07,3070
2024-11-29,10203,M)Forever Emperor - Dragon Train f405 s5301 a26942,Shufflemaster,1,7847.55,663.98,4982
2024-11-29,10203,M)Chi Lin Wins - Dragon Train f405 s5283 a26941,Shufflemaster,2,14197.31,3113.9,6481
2024-11-29,10203,M)Khutulun Battle Princess - Dragon Train f405 s5289 a26940,Shufflemaster,3,11443.49,737.04,6923
2024-11-29,10203,BIG RED 2 f39 s62388,ARISTOCRAT,4,671,-55,178
2024-11-29,10203,Black Bear F83 S1359,Ainsworth,5,18320.99,3195.99,4085
2024-11-29,10203,M)Cash Caper Golden Strike f1496 s1566 a24085,KONAMI,6,1953,695.22,955
2024-11-29,10203,M)Red Fleet - Dragon Unleashed f311 s4954 a24949,Shufflemaster,7,6028.35,1178.78,2013
2024-11-29,10203,M)Genghis Khan Dragon Cash F58 S63097,ARISTOCRAT,8,11332.47,802.86,4803
2024-11-29,10203,M)Fireball Blue Moon II Express F23 S62774 CCAU,IGT,9,2262.76,444.81,1371
2024-11-29,10203,M)Autumn Moon Dragon Link F59 S62900,ARISTOCRAT,10,7602.78,765.02,4239
2024-11-30,10203,M)Forever Emperor - Dragon Train f405 s5301 a26942,Shufflemaster,1,10928.07,-20.25,4900
2024-11-30,10203,M)Chi Lin Wins - Dragon Train f405 s5283 a26941,Shufflemaster,2,19767.27,-330.42,8622
2024-11-30,10203,M)Khutulun Battle Princess - Dragon Train f405 s5289 a26940,Shufflemaster,3,10631.05,1040.08,6237
2024-11-30,10203,BIG RED 2 f39 s62388,ARISTOCRAT,4,1752,1039,397
2024-11-30,10203,Black Bear F83 S1359,Ainsworth,5,10300.51,-2524.49,2329
2024-11-30,10203,M)Cash Caper Golden Strike f1496 s1566 a24085,KONAMI,6,3820.5,873.08,1797
2024-11-30,10203,M)Red Fleet - Dragon Unleashed f311 s4954 a24949,Shufflemaster,7,5119.2,-434.64,2316
2024-11-30,10203,M)Genghis Khan Dragon Cash F58 S63097,ARISTOCRAT,8,6140.72,1584.72,2624
2024-11-30,10203,M)Fireball Blue Moon II Express F23 S62774 CCAU,IGT,9,3946.49,-8.36,2750
2024-11-30,10203,M)Autumn Moon Dragon Link F59 S62900,ARISTOCRAT,10,5396.44,1052.45,4393
2024-12-01,10203,M)Forever Emperor - Dragon Train f405 s5301 a26942,Shufflemaster,1,7948.51,514.21,5116
2024-12-01,10203,M)Chi Lin Wins - Dragon Train f405 s5283 a26941,Shufflemaster,2,10988.23,807.22,8269
2024-12-01,10203,M)Khutulun Battle Princess - Dragon Train f405 s5289 a26940,Shufflemaster,3,9365.71,2989.42,6748
2024-12-01,10203,BIG RED 2 f39 s62388,ARISTOCRAT,4,2770,225,596
2024-12-01,10203,Black Bear F83 S1359,Ainsworth,5,1889,-98,454
2024-12-01,10203,M)Cash Caper Golden Strike f1496 s1566 a24085,KONAMI,6,4527.75,1295,1658
2024-12-01,10203,M)Red Fleet - Dragon Unleashed f311 s4954 a24949,Shufflemaster,7,2961.3,608.76,1621
2024-12-01,10203,M)Genghis Khan Dragon Cash F58 S63097,ARISTOCRAT,8,1723.72,705.53,1414
2024-12-01,10203,M)Fireball Blue Moon II Express F23 S62774 CCAU,IGT,9,4368.92,941.97,2131
2024-12-01,10203,M)Autumn Moon Dragon Link F59 S62900,ARISTOCRAT,10,4328.78,1497.33,3353
2024-11-01,10208,M)Dynamite Dollars All Aboard F1068 S590 BIOS2,KONAMI,1,3298.5,28.25,1746
2024-11-01,10208,M)JetSetter Gold Sydney f26 s61066 a25833,IGT,2,3281.8,197.3,3269
2024-11-01,10208,M)Locked Up Loot – Locked and Loaded F43 S384 -TITO,Shufflemaster,4,4266.75,1246.85,2370
2024-11-01,10208,M)Happy and Prosperous Dragon Cash f59 s63463-63467,ARISTOCRAT,5,2480.71,3.97,2135
2024-11-01,10208,M)Monopoly Hotel Tycoon F212 S4096 Dualos,Shufflemaster,6,2705.14,369.8,3442
2024-11-01,10208,M)Forever Emperor - Dragon Train DTX f405 s5252 a26896,Shufflemaster,7,6108.72,1183.82,4581
2024-11-01,10208,M)JetSetter Gold Tokyo MLP CD  f27 s60904 a26116,IGT,8,1477.24,402.34,1067
2024-11-01,10208,M)Chi Lin Wins - Dragon Train DTX f405 s5234 a26829,Shufflemaster,8,8660.15,1627.97,4626
2024-11-01,10208,M)Treasure Spirits Tiger f1793 s3500,Ainsworth,9,978.15,205.15,443
2024-11-01,10208,M)Huff n' More Puff f304 s4654 a23832,Shufflemaster,9,4422.15,1038.67,2325
2024-11-02,10208,M)Dynamite Dollars All Aboard F1068 S590 BIOS2,KONAMI,1,2057,-629.6,756
2024-11-02,10208,M)JetSetter Gold Sydney f26 s61066 a25833,IGT,2,5933.92,1047.27,3491
2024-11-02,10208,M)Locked Up Loot – Locked and Loaded F43 S384 -TITO,Shufflemaster,4,3741.85,1060.4,2122
2024-11-02,10208,M)Happy and Prosperous Dragon Cash f59 s63463-63467,ARISTOCRAT,5,1285.09,-12.67,1464
2024-11-02,10208,M)Monopoly Hotel Tycoon F212 S4096 Dualos,Shufflemaster,6,6123.51,2090.04,4809
2024-11-02,10208,M)Forever Emperor - Dragon Train DTX f405 s5252 a26896,Shufflemaster,7,6326.06,1545.2,4823
2024-11-02,10208,M)JetSetter Gold Tokyo MLP CD  f27 s60904 a26116,IGT,8,0,0,0
2024-11-02,10208,M)Chi Lin Wins - Dragon Train DTX f405 s5234 a26829,Shufflemaster,8,9282.45,-3527.25,5123
2024-11-02,10208,M)Huff n' More Puff f304 s4654 a23832,Shufflemaster,9,5649.55,1133.56,1945
2024-11-02,10208,M)Treasure Spirits Tiger f1793 s3500,Ainsworth,9,2794.7,-566.93,1487
2024-11-03,10208,M)Dynamite Dollars All Aboard F1068 S590 BIOS2,KONAMI,1,1459,521,1069
2024-11-03,10208,M)JetSetter Gold Sydney f26 s61066 a25833,IGT,2,1861.95,86.3,1563
2024-11-03,10208,M)Locked Up Loot – Locked and Loaded F43 S384 -TITO,Shufflemaster,4,4287.45,-779.22,2454
2024-11-03,10208,M)Happy and Prosperous Dragon Cash f59 s63463-63467,ARISTOCRAT,5,1826,137.36,1682
2024-11-03,10208,M)Monopoly Hotel Tycoon F212 S4096 Dualos,Shufflemaster,6,3952.61,1218.91,4193
2024-11-03,10208,M)Forever Emperor - Dragon Train DTX f405 s5252 a26896,Shufflemaster,7,2662.83,-9.99,2604
2024-11-03,10208,M)JetSetter Gold Tokyo MLP CD  f27 s60904 a26116,IGT,8,1603,-602.15,606
2024-11-03,10208,M)Chi Lin Wins - Dragon Train DTX f405 s5234 a26829,Shufflemaster,8,6122.16,1480.26,4686
2024-11-03,10208,M)Huff n' More Puff f304 s4654 a23832,Shufflemaster,9,5075.65,-537.29,2917
2024-11-03,10208,M)Treasure Spirits Tiger f1793 s3500,Ainsworth,9,1209.15,248.15,419
2024-11-04,10208,M)Dynamite Dollars All Aboard F1068 S590 BIOS2,KONAMI,1,1779.75,732.76,1157
2024-11-04,10208,M)JetSetter Gold Sydney f26 s61066 a25833,IGT,2,3785.25,1385.2,1866
2024-11-04,10208,M)Locked Up Loot – Locked and Loaded F43 S384 -TITO,Shufflemaster,4,1248.45,410.88,1088
2024-11-04,10208,M)Happy and Prosperous Dragon Cash f59 s63463-63467,ARISTOCRAT,5,378.72,43.01,338
2024-11-04,10208,M)Monopoly Hotel Tycoon F212 S4096 Dualos,Shufflemaster,6,1892.8,305.81,2916
2024-11-04,10208,M)Forever Emperor - Dragon Train DTX f405 s5252 a26896,Shufflemaster,7,3540.98,790.63,2738
2024-11-04,10208,M)Chi Lin Wins - Dragon Train DTX f405 s5234 a26829,Shufflemaster,8,3934.05,-335.76,2593
2024-11-04,10208,M)JetSetter Gold Tokyo MLP CD  f27 s60904 a26116,IGT,8,192.78,-134.62,350
2024-11-04,10208,M)Huff n' More Puff f304 s4654 a23832,Shufflemaster,9,2612.15,-117.88,1243
2024-11-04,10208,M)Treasure Spirits Tiger f1793 s3500,Ainsworth,9,829.1,149.25,822
2024-11-05,10208,M)Dynamite Dollars All Aboard F1068 S590 BIOS2,KONAMI,1,1053.5,385.65,882
2024-11-05,10208,M)JetSetter Gold Sydney f26 s61066 a25833,IGT,2,832.05,-127.25,627
2024-11-05,10208,M)Locked Up Loot – Locked and Loaded F43 S384 -TITO,Shufflemaster,4,4203.65,673.93,3728
2024-11-05,10208,M)Happy and Prosperous Dragon Cash f59 s63463-63467,ARISTOCRAT,5,1766.16,-281.65,807
2024-11-05,10208,M)Monopoly Hotel Tycoon F212 S4096 Dualos,Shufflemaster,6,4544.76,856.44,2925
2024-11-05,10208,M)Forever Emperor - Dragon Train DTX f405 s5252 a26896,Shufflemaster,7,13217.29,2932.82,5721
2024-11-05,10208,M)Chi Lin Wins - Dragon Train DTX f405 s5234 a26829,Shufflemaster,8,4613.52,380.22,2837
2024-11-05,10208,M)JetSetter Gold Tokyo MLP CD  f27 s60904 a26116,IGT,8,1450.4,-209.5,559
2024-11-05,10208,M)Huff n' More Puff f304 s4654 a23832,Shufflemaster,9,4340.5,1398.54,3265
2024-11-05,10208,M)Treasure Spirits Tiger f1793 s3500,Ainsworth,9,1932.7,145.95,1432
2024-11-06,10208,M)Dynamite Dollars All Aboard F1068 S590 BIOS2,KONAMI,1,3844,1700.67,1932
2024-11-06,10208,M)JetSetter Gold Sydney f26 s61066 a25833,IGT,2,477.75,81.05,615
2024-11-06,10208,M)Locked Up Loot – Locked and Loaded F43 S384 -TITO,Shufflemaster,4,1379.05,528.2,1068
2024-11-06,10208,M)Happy and Prosperous Dragon Cash f59 s63463-63467,ARISTOCRAT,5,784.59,426.95,675
2024-11-06,10208,M)Monopoly Hotel Tycoon F212 S4096 Dualos,Shufflemaster,6,3573.49,729.12,3922
2024-11-06,10208,M)Forever Emperor - Dragon Train DTX f405 s5252 a26896,Shufflemaster,7,3920.54,1361.07,3722
2024-11-06,10208,M)Chi Lin Wins - Dragon Train DTX f405 s5234 a26829,Shufflemaster,8,8882.44,1710.57,3619
2024-11-06,10208,M)JetSetter Gold Tokyo MLP CD  f27 s60904 a26116,IGT,8,274,84.75,308
2024-11-06,10208,M)Huff n' More Puff f304 s4654 a23832,Shufflemaster,9,11401.4,29.27,4062
2024-11-06,10208,M)Treasure Spirits Tiger f1793 s3500,Ainsworth,9,387.68,-31.57,223
2024-11-07,10208,M)Dynamite Dollars All Aboard F1068 S590 BIOS2,KONAMI,1,6590.25,773.97,4088
2024-11-07,10208,M)JetSetter Gold Sydney f26 s61066 a25833,IGT,2,1472.75,24.25,1614
2024-11-07,10208,M)Locked Up Loot – Locked and Loaded F43 S384 -TITO,Shufflemaster,4,2357.05,-2316.34,1326
2024-11-07,10208,M)Happy and Prosperous Dragon Cash f59 s63463-63467,ARISTOCRAT,5,1001.15,319.73,1102
2024-11-07,10208,M)Monopoly Hotel Tycoon F212 S4096 Dualos,Shufflemaster,6,7077.59,1425.9,3654
2024-11-07,10208,M)Forever Emperor - Dragon Train DTX f405 s5252 a26896,Shufflemaster,7,9729.22,43.75,3656
2024-11-07,10208,M)Chi Lin Wins - Dragon Train DTX f405 s5234 a26829,Shufflemaster,8,8218.04,-162.44,3621
2024-11-07,10208,M)JetSetter Gold Tokyo MLP CD  f27 s60904 a26116,IGT,8,512.02,-1.28,441
2024-11-07,10208,M)Huff n' More Puff f304 s4654 a23832,Shufflemaster,9,8824.1,-117.03,2761
2024-11-07,10208,M)Treasure Spirits Tiger f1793 s3500,Ainsworth,9,2346.4,-648.73,929
2024-11-08,10208,M)Dynamite Dollars All Aboard F1068 S590 BIOS2,KONAMI,1,3456.25,-842.91,1253
2024-11-08,10208,M)JetSetter Gold Sydney f26 s61066 a25833,IGT,2,3226.26,485.81,1912
2024-11-08,10208,M)Locked Up Loot – Locked and Loaded F43 S384 -TITO,Shufflemaster,4,1401.25,39.36,1257
2024-11-08,10208,M)Happy and Prosperous Dragon Cash f59 s63463-63467,ARISTOCRAT,5,6499.63,777.34,2708
2024-11-08,10208,M)Monopoly Hotel Tycoon F212 S4096 Dualos,Shufflemaster,6,12744.16,3026.43,5875
2024-11-08,10208,M)Forever Emperor - Dragon Train DTX f405 s5252 a26896,Shufflemaster,7,11423.67,2750.18,6169
2024-11-08,10208,M)JetSetter Gold Tokyo MLP CD  f27 s60904 a26116,IGT,8,1466.46,380.66,1385
2024-11-08,10208,M)Chi Lin Wins - Dragon Train DTX f405 s5234 a26829,Shufflemaster,8,6407.85,1503.09,3647
2024-11-08,10208,M)Treasure Spirits Tiger f1793 s3500,Ainsworth,9,3391.05,137.05,1377
2024-11-08,10208,M)Huff n' More Puff f304 s4654 a23832,Shufflemaster,9,5767.85,-1468.17,2582
2024-11-09,10208,M)Dynamite Dollars All Aboard F1068 S590 BIOS2,KONAMI,1,2767,-469.78,1647
2024-11-09,10208,M)JetSetter Gold Sydney f26 s61066 a25833,IGT,2,2838.78,456.18,1957
2024-11-09,10208,M)Locked Up Loot – Locked and Loaded F43 S384 -TITO,Shufflemaster,4,1825.8,501.86,1315
2024-11-09,10208,M)Happy and Prosperous Dragon Cash f59 s63463-63467,ARISTOCRAT,5,2845.59,813.05,1516
2024-11-09,10208,M)Monopoly Hotel Tycoon F212 S4096 Dualos,Shufflemaster,6,4697.81,93.78,5307
2024-11-09,10208,M)Forever Emperor - Dragon Train DTX f405 s5252 a26896,Shufflemaster,7,5694.29,782.05,2832
2024-11-09,10208,M)JetSetter Gold Tokyo MLP CD  f27 s60904 a26116,IGT,8,249,-545.96,295
2024-11-09,10208,M)Chi Lin Wins - Dragon Train DTX f405 s5234 a26829,Shufflemaster,8,5426.4,-511.65,3941
2024-11-09,10208,M)Huff n' More Puff f304 s4654 a23832,Shufflemaster,9,6450.65,922.96,4070
2024-11-09,10208,M)Treasure Spirits Tiger f1793 s3500,Ainsworth,9,31.85,27,53
2024-11-10,10208,M)Dynamite Dollars All Aboard F1068 S590 BIOS2,KONAMI,1,1429.75,511.4,1276
2024-11-10,10208,M)JetSetter Gold Sydney f26 s61066 a25833,IGT,2,927.25,340.45,861
2024-11-10,10208,M)Locked Up Loot – Locked and Loaded F43 S384 -TITO,Shufflemaster,4,683.05,240.39,792
2024-11-10,10208,M)Happy and Prosperous Dragon Cash f59 s63463-63467,ARISTOCRAT,5,9593.38,1691.35,2964
2024-11-10,10208,M)Monopoly Hotel Tycoon F212 S4096 Dualos,Shufflemaster,6,2068.93,-308.11,3071
2024-11-10,10208,M)Forever Emperor - Dragon Train DTX f405 s5252 a26896,Shufflemaster,7,1573.59,401.1,1686
2024-11-10,10208,M)Chi Lin Wins - Dragon Train DTX f405 s5234 a26829,Shufflemaster,8,9457.96,-1849.85,3933
2024-11-10,10208,M)JetSetter Gold Tokyo MLP CD  f27 s60904 a26116,IGT,8,385.38,47.53,427
2024-11-10,10208,M)Treasure Spirits Tiger f1793 s3500,Ainsworth,9,320.23,33.58,302
2024-11-10,10208,M)Huff n' More Puff f304 s4654 a23832,Shufflemaster,9,2908,757.09,1516
2024-11-11,10208,M)Dynamite Dollars All Aboard F1068 S590 BIOS2,KONAMI,1,1112.75,646.82,471
2024-11-11,10208,M)JetSetter Gold Sydney f26 s61066 a25833,IGT,2,706.91,316.46,755
2024-11-11,10208,M)Locked Up Loot – Locked and Loaded F43 S384 -TITO,Shufflemaster,4,1531.8,-130.26,1320
2024-11-11,10208,M)Happy and Prosperous Dragon Cash f59 s63463-63467,ARISTOCRAT,5,2583.92,230.79,2191
2024-11-11,10208,M)Monopoly Hotel Tycoon F212 S4096 Dualos,Shufflemaster,6,1130.43,563.3,1948
2024-11-11,10208,M)Forever Emperor - Dragon Train DTX f405 s5252 a26896,Shufflemaster,7,1442.23,392.56,1228
2024-11-11,10208,M)JetSetter Gold Tokyo MLP CD  f27 s60904 a26116,IGT,8,264.5,-32.6,275
2024-11-11,10208,M)Chi Lin Wins - Dragon Train DTX f405 s5234 a26829,Shufflemaster,8,3138.25,58.2,2422
2024-11-11,10208,M)Huff n' More Puff f304 s4654 a23832,Shufflemaster,9,3949.25,1177.66,1751
2024-11-11,10208,M)Treasure Spirits Tiger f1793 s3500,Ainsworth,9,1256.9,392.05,621
2024-11-12,10208,M)Dynamite Dollars All Aboard F1068 S590 BIOS2,KONAMI,1,2475.5,-336.34,790
2024-11-12,10208,M)JetSetter Gold Sydney f26 s61066 a25833,IGT,2,805.78,380.63,807
2024-11-12,10208,M)Locked Up Loot – Locked and Loaded F43 S384 -TITO,Shufflemaster,4,1378,-265.35,744
2024-11-12,10208,M)Happy and Prosperous Dragon Cash f59 s63463-63467,ARISTOCRAT,5,2559.46,464.18,2703
2024-11-12,10208,M)Monopoly Hotel Tycoon F212 S4096 Dualos,Shufflemaster,6,5063.08,-141.06,3829
2024-11-12,10208,M)Forever Emperor - Dragon Train DTX f405 s5252 a26896,Shufflemaster,7,2225.74,-893.32,1156
2024-11-12,10208,M)JetSetter Gold Tokyo MLP CD  f27 s60904 a26116,IGT,8,0,0,0
2024-11-12,10208,M)Chi Lin Wins - Dragon Train DTX f405 s5234 a26829,Shufflemaster,8,6214.09,2370.94,2550
2024-11-12,10208,M)Treasure Spirits Tiger f1793 s3500,Ainsworth,9,183.35,89.75,155
2024-11-12,10208,M)Huff n' More Puff f304 s4654 a23832,Shufflemaster,9,4168.7,1709.46,1718
2024-11-13,10208,M)Dynamite Dollars All Aboard F1068 S590 BIOS2,KONAMI,1,2234.5,729.63,986
2024-11-13,10208,M)JetSetter Gold Sydney f26 s61066 a25833,IGT,2,2275.54,-954.87,1746
2024-11-13,10208,M)Locked Up Loot – Locked and Loaded F43 S384 -TITO,Shufflemaster,4,1660.75,364.34,1560
2024-11-13,10208,M)Happy and Prosperous Dragon Cash f59 s63463-63467,ARISTOCRAT,5,9936.49,1068.53,3984
2024-11-13,10208,M)Monopoly Hotel Tycoon F212 S4096 Dualos,Shufflemaster,6,5427.16,1896.18,3344
2024-11-13,10208,M)Forever Emperor - Dragon Train DTX f405 s5252 a26896,Shufflemaster,7,6118.93,-478.55,3415
2024-11-13,10208,M)Chi Lin Wins - Dragon Train DTX f405 s5234 a26829,Shufflemaster,8,14032.67,333.76,5649
2024-11-13,10208,M)JetSetter Gold Tokyo MLP CD  f27 s60904 a26116,IGT,8,97.34,39.19,178
2024-11-13,10208,M)Huff n' More Puff f304 s4654 a23832,Shufflemaster,9,5026.6,-2236.2,2343
2024-11-13,10208,M)Treasure Spirits Tiger f1793 s3500,Ainsworth,9,684.1,311.65,530
2024-11-14,10208,M)Dynamite Dollars All Aboard F1068 S590 BIOS2,KONAMI,1,1194,271.71,738
2024-11-14,10208,M)JetSetter Gold Sydney f26 s61066 a25833,IGT,2,628.7,301.45,611
2024-11-14,10208,M)Locked Up Loot – Locked and Loaded F43 S384 -TITO,Shufflemaster,4,3264.35,396.35,2368
2024-11-14,10208,M)Happy and Prosperous Dragon Cash f59 s63463-63467,ARISTOCRAT,5,13554.27,3011.07,5928
2024-11-14,10208,M)Monopoly Hotel Tycoon F212 S4096 Dualos,Shufflemaster,6,7608.37,778.25,4924
2024-11-14,10208,M)Forever Emperor - Dragon Train DTX f405 s5252 a26896,Shufflemaster,7,4353.42,-205.02,3887
2024-11-14,10208,M)JetSetter Gold Tokyo MLP CD  f27 s60904 a26116,IGT,8,663.58,228.83,539
2024-11-14,10208,M)Chi Lin Wins - Dragon Train DTX f405 s5234 a26829,Shufflemaster,8,14279.98,-365.47,6076
2024-11-14,10208,M)Huff n' More Puff f304 s4654 a23832,Shufflemaster,9,1812.3,-59.78,1302
2024-11-14,10208,M)Treasure Spirits Tiger f1793 s3500,Ainsworth,9,1193.24,-166.91,942
2024-11-15,10208,M)Dynamite Dollars All Aboard F1068 S590 BIOS2,KONAMI,1,3546,488.27,1995
2024-11-15,10208,M)JetSetter Gold Sydney f26 s61066 a25833,IGT,2,2392.6,230.8,2305
2024-11-15,10208,M)Locked Up Loot – Locked and Loaded F43 S384 -TITO,Shufflemaster,4,4585.6,653.64,2852
2024-11-15,10208,M)Happy and Prosperous Dragon Cash f59 s63463-63467,ARISTOCRAT,5,7159.07,1918.26,4312
2024-11-15,10208,M)Monopoly Hotel Tycoon F212 S4096 Dualos,Shufflemaster,6,5381.76,1557.47,4842
2024-11-15,10208,M)Forever Emperor - Dragon Train DTX f405 s5252 a26896,Shufflemaster,7,6334.33,419.5,4082
2024-11-15,10208,M)JetSetter Gold Tokyo MLP CD  f27 s60904 a26116,IGT,8,1115.4,-155.35,1002
2024-11-15,10208,M)Chi Lin Wins - Dragon Train DTX f405 s5234 a26829,Shufflemaster,8,5426.57,228.52,4677
2024-11-15,10208,M)Treasure Spirits Tiger f1793 s3500,Ainsworth,9,2564.1,-436.6,1944
2024-11-15,10208,M)Huff n' More Puff f304 s4654 a23832,Shufflemaster,9,2232.9,206.37,1341
2024-11-16,10208,M)Dynamite Dollars All Aboard F1068 S590 BIOS2,KONAMI,1,3924.25,-2322.77,2544
2024-11-16,10208,M)JetSetter Gold Sydney f26 s61066 a25833,IGT,2,890.83,469.63,609
2024-11-16,10208,M)Locked Up Loot – Locked and Loaded F43 S384 -TITO,Shufflemaster,4,1468.6,64.27,1300
2024-11-16,10208,M)Happy and Prosperous Dragon Cash f59 s63463-63467,ARISTOCRAT,5,1130.07,434.74,1192
2024-11-16,10208,M)Monopoly Hotel Tycoon F212 S4096 Dualos,Shufflemaster,6,5285.7,829.35,4147
2024-11-16,10208,M)Forever Emperor - Dragon Train DTX f405 s5252 a26896,Shufflemaster,7,5115.49,1177.4,3593
2024-11-16,10208,M)Chi Lin Wins - Dragon Train DTX f405 s5234 a26829,Shufflemaster,8,9195.34,-2102.08,5304
2024-11-16,10208,M)JetSetter Gold Tokyo MLP CD  f27 s60904 a26116,IGT,8,1489.47,466.22,785
2024-11-16,10208,M)Huff n' More Puff f304 s4654 a23832,Shufflemaster,9,8960.25,423.73,3857
2024-11-16,10208,M)Treasure Spirits Tiger f1793 s3500,Ainsworth,9,2976.15,150.66,1137
2024-11-17,10208,M)Dynamite Dollars All Aboard F1068 S590 BIOS2,KONAMI,1,6156.5,2631.09,2331
2024-11-17,10208,M)JetSetter Gold Sydney f26 s61066 a25833,IGT,2,483.75,284.35,472
2024-11-17,10208,M)Locked Up Loot – Locked and Loaded F43 S384 -TITO,Shufflemaster,4,912.55,117.36,280
2024-11-17,10208,M)Happy and Prosperous Dragon Cash f59 s63463-63467,ARISTOCRAT,5,2078,581.21,1470
2024-11-17,10208,M)Monopoly Hotel Tycoon F212 S4096 Dualos,Shufflemaster,6,5332.83,-2085.58,4785
2024-11-17,10208,M)Forever Emperor - Dragon Train DTX f405 s5252 a26896,Shufflemaster,7,6680.81,500.51,2798
2024-11-17,10208,M)JetSetter Gold Tokyo MLP CD  f27 s60904 a26116,IGT,8,1417.51,163.26,609
2024-11-17,10208,M)Chi Lin Wins - Dragon Train DTX f405 s5234 a26829,Shufflemaster,8,6133.89,-673.64,2706
2024-11-17,10208,M)Treasure Spirits Tiger f1793 s3500,Ainsworth,9,1375.48,225.53,781
2024-11-17,10208,M)Huff n' More Puff f304 s4654 a23832,Shufflemaster,9,6587.8,1108.07,3043
2024-11-18,10208,M)Dynamite Dollars All Aboard F1068 S590 BIOS2,KONAMI,1,1179,-19.41,824
2024-11-18,10208,M)JetSetter Gold Sydney f26 s61066 a25833,IGT,2,110.25,-43.6,182
2024-11-18,10208,M)Locked Up Loot – Locked and Loaded F43 S384 -TITO,Shufflemaster,4,1225.85,496.61,1085
2024-11-18,10208,M)Happy and Prosperous Dragon Cash f59 s63463-63467,ARISTOCRAT,5,6156.86,635.61,3056
2024-11-18,10208,M)Monopoly Hotel Tycoon F212 S4096 Dualos,Shufflemaster,6,924.58,115.54,2373
2024-11-18,10208,M)Forever Emperor - Dragon Train DTX f405 s5252 a26896,Shufflemaster,7,2151.93,-1526.31,2961
2024-11-18,10208,M)Chi Lin Wins - Dragon Train DTX f405 s5234 a26829,Shufflemaster,8,1660.15,-269.61,1606
2024-11-18,10208,M)JetSetter Gold Tokyo MLP CD  f27 s60904 a26116,IGT,8,408.2,28.8,214
2024-11-18,10208,M)Treasure Spirits Tiger f1793 s3500,Ainsworth,9,504.3,-89.7,395
2024-11-18,10208,M)Huff n' More Puff f304 s4654 a23832,Shufflemaster,9,613.4,-348.73,559
2024-11-19,10208,M)Dynamite Dollars All Aboard F1068 S590 BIOS2,KONAMI,1,1042.5,-195.56,569
2024-11-19,10208,M)JetSetter Gold Sydney f26 s61066 a25833,IGT,2,764,299.45,359
2024-11-19,10208,M)Locked Up Loot – Locked and Loaded F43 S384 -TITO,Shufflemaster,4,1079.9,359.84,630
2024-11-19,10208,M)Happy and Prosperous Dragon Cash f59 s63463-63467,ARISTOCRAT,5,1171.04,182.13,869
2024-11-19,10208,M)Monopoly Hotel Tycoon F212 S4096 Dualos,Shufflemaster,6,3190,402.01,1405
2024-11-19,10208,M)Forever Emperor - Dragon Train DTX f405 s5252 a26896,Shufflemaster,7,6182.4,1179.95,2580
2024-11-19,10208,M)Chi Lin Wins - Dragon Train DTX f405 s5234 a26829,Shufflemaster,8,3578.06,-5324.58,2405
2024-11-19,10208,M)JetSetter Gold Tokyo MLP CD  f27 s60904 a26116,IGT,8,244.75,-136.85,452
2024-11-19,10208,M)Huff n' More Puff f304 s4654 a23832,Shufflemaster,9,1677.8,781.33,1160
2024-11-19,10208,M)Treasure Spirits Tiger f1793 s3500,Ainsworth,9,666.05,-105.65,584
2024-11-20,10208,M)Dynamite Dollars All Aboard F1068 S590 BIOS2,KONAMI,1,5979,1044.21,1940
2024-11-20,10208,M)JetSetter Gold Sydney f26 s61066 a25833,IGT,2,4977.84,1968.39,2453
2024-11-20,10208,M)Locked Up Loot – Locked and Loaded F43 S384 -TITO,Shufflemaster,4,883.45,-189.06,763
2024-11-20,10208,M)Happy and Prosperous Dragon Cash f59 s63463-63467,ARISTOCRAT,5,3396.23,875.63,2677
2024-11-20,10208,M)Monopoly Hotel Tycoon F212 S4096 Dualos,Shufflemaster,6,3527.48,1415.37,3636
2024-11-20,10208,M)Forever Emperor - Dragon Train DTX f405 s5252 a26896,Shufflemaster,7,8125.73,-1417.04,3763
2024-11-20,10208,M)Chi Lin Wins - Dragon Train DTX f405 s5234 a26829,Shufflemaster,8,6129.06,1109.84,3889
2024-11-20,10208,M)JetSetter Gold Tokyo MLP CD  f27 s60904 a26116,IGT,8,0,0,0
2024-11-20,10208,M)Huff n' More Puff f304 s4654 a23832,Shufflemaster,9,4312.3,279.97,2160
2024-11-20,10208,M)Treasure Spirits Tiger f1793 s3500,Ainsworth,9,3705,953.5,1462
2024-11-21,10208,M)Dynamite Dollars All Aboard F1068 S590 BIOS2,KONAMI,1,4302,1131.82,1484
2024-11-21,10208,M)JetSetter Gold Sydney f26 s61066 a25833,IGT,2,2062.55,-129.65,1464
2024-11-21,10208,M)Locked Up Loot – Locked and Loaded F43 S384 -TITO,Shufflemaster,4,2477.1,-141.3,1457
2024-11-21,10208,M)Happy and Prosperous Dragon Cash f59 s63463-63467,ARISTOCRAT,5,3193.5,105.52,1960
2024-11-21,10208,M)Monopoly Hotel Tycoon F212 S4096 Dualos,Shufflemaster,6,10754.13,2569.4,4496
2024-11-21,10208,M)Forever Emperor - Dragon Train DTX f405 s5252 a26896,Shufflemaster,7,8304.79,392.35,3351
2024-11-21,10208,M)JetSetter Gold Tokyo MLP CD  f27 s60904 a26116,IGT,8,0,0,0
2024-11-21,10208,M)Chi Lin Wins - Dragon Train DTX f405 s5234 a26829,Shufflemaster,8,9115.01,1976.48,4077
2024-11-21,10208,M)Huff n' More Puff f304 s4654 a23832,Shufflemaster,9,4860.15,1262.57,2358
2024-11-21,10208,M)Treasure Spirits Tiger f1793 s3500,Ainsworth,9,1257.6,368.6,692
2024-11-22,10208,M)Dynamite Dollars All Aboard F1068 S590 BIOS2,KONAMI,1,3886.5,1224.07,1815
2024-11-22,10208,M)JetSetter Gold Sydney f26 s61066 a25833,IGT,2,1755.17,-623.85,2479
2024-11-22,10208,M)Locked Up Loot – Locked and Loaded F43 S384 -TITO,Shufflemaster,4,3551.85,-929.81,2406
2024-11-22,10208,M)Happy and Prosperous Dragon Cash f59 s63463-63467,ARISTOCRAT,5,4679.05,1388.74,2883
2024-11-22,10208,M)Monopoly Hotel Tycoon F212 S4096 Dualos,Shufflemaster,6,4842.77,-284.46,6348
2024-11-22,10208,M)Forever Emperor - Dragon Train DTX f405 s5252 a26896,Shufflemaster,7,6518.48,633.41,4045
2024-11-22,10208,M)JetSetter Gold Tokyo MLP CD  f27 s60904 a26116,IGT,8,0,0,0
2024-11-22,10208,M)Chi Lin Wins - Dragon Train DTX f405 s5234 a26829,Shufflemaster,8,10936.43,-431.06,4921
2024-11-22,10208,M)Huff n' More Puff f304 s4654 a23832,Shufflemaster,9,7255.2,759.06,3026
2024-11-22,10208,M)Treasure Spirits Tiger f1793 s3500,Ainsworth,9,3550.69,961.04,1175
2024-11-23,10208,M)Dynamite Dollars All Aboard F1068 S590 BIOS2,KONAMI,1,3312.75,1311.7,2032
2024-11-23,10208,M)JetSetter Gold Sydney f26 s61066 a25833,IGT,2,1866.49,-32.16,1665
2024-11-23,10208,M)Locked Up Loot – Locked and Loaded F43 S384 -TITO,Shufflemaster,4,8855.85,1172.65,3615
2024-11-23,10208,M)Happy and Prosperous Dragon Cash f59 s63463-63467,ARISTOCRAT,5,12018.43,4293.7,5206
2024-11-23,10208,M)Monopoly Hotel Tycoon F212 S4096 Dualos,Shufflemaster,6,3514.07,609.62,3394
2024-11-23,10208,M)Forever Emperor - Dragon Train DTX f405 s5252 a26896,Shufflemaster,7,4461.11,1097.48,3493
2024-11-23,10208,M)JetSetter Gold Tokyo MLP CD  f27 s60904 a26116,IGT,8,0,0,0
2024-11-23,10208,M)Chi Lin Wins - Dragon Train DTX f405 s5234 a26829,Shufflemaster,8,11083.29,1914.32,7113
2024-11-23,10208,M)Huff n' More Puff f304 s4654 a23832,Shufflemaster,9,10174.2,1064.19,4566
2024-11-23,10208,M)Treasure Spirits Tiger f1793 s3500,Ainsworth,9,645.42,230.42,500
2024-11-24,10208,M)Dynamite Dollars All Aboard F1068 S590 BIOS2,KONAMI,1,1310.75,-1135.43,1030
2024-11-24,10208,M)JetSetter Gold Sydney f26 s61066 a25833,IGT,2,1349.65,94.4,867
2024-11-24,10208,M)Locked Up Loot – Locked and Loaded F43 S384 -TITO,Shufflemaster,4,491.7,120.69,777
2024-11-24,10208,M)Happy and Prosperous Dragon Cash f59 s63463-63467,ARISTOCRAT,5,10014.27,1242.78,6675
2024-11-24,10208,M)Monopoly Hotel Tycoon F212 S4096 Dualos,Shufflemaster,6,1089.69,438.21,2154
2024-11-24,10208,M)Forever Emperor - Dragon Train DTX f405 s5252 a26896,Shufflemaster,7,5296.14,-1532.46,3075
2024-11-24,10208,M)Chi Lin Wins - Dragon Train DTX f405 s5234 a26829,Shufflemaster,8,13011.39,2354.85,5465
2024-11-24,10208,M)JetSetter Gold Tokyo MLP CD  f27 s60904 a26116,IGT,8,0,0,0
2024-11-24,10208,M)Huff n' More Puff f304 s4654 a23832,Shufflemaster,9,9499.6,-244,3152
2024-11-24,10208,M)Treasure Spirits Tiger f1793 s3500,Ainsworth,9,8070.6,-1057.35,3589
2024-11-25,10208,M)Dynamite Dollars All Aboard F1068 S590 BIOS2,KONAMI,1,1232.75,58.69,941
2024-11-25,10208,M)JetSetter Gold Sydney f26 s61066 a25833,IGT,2,267.45,78.7,510
2024-11-25,10208,M)Locked Up Loot – Locked and Loaded F43 S384 -TITO,Shufflemaster,4,1585.65,-323.3,1638
2024-11-25,10208,M)Happy and Prosperous Dragon Cash f59 s63463-63467,ARISTOCRAT,5,5490.05,-27.97,3129
2024-11-25,10208,M)Monopoly Hotel Tycoon F212 S4096 Dualos,Shufflemaster,6,3244.64,1133,4311
2024-11-25,10208,M)Forever Emperor - Dragon Train DTX f405 s5252 a26896,Shufflemaster,7,3240.44,-181.49,2088
2024-11-25,10208,M)Chi Lin Wins - Dragon Train DTX f405 s5234 a26829,Shufflemaster,8,7019.01,-65.58,5596
2024-11-25,10208,M)JetSetter Gold Tokyo MLP CD  f27 s60904 a26116,IGT,8,0,0,0
2024-11-25,10208,M)Treasure Spirits Tiger f1793 s3500,Ainsworth,9,482.6,168,341
2024-11-25,10208,M)Huff n' More Puff f304 s4654 a23832,Shufflemaster,9,3344.9,-350.78,1777
2024-11-26,10208,M)Dynamite Dollars All Aboard F1068 S590 BIOS2,KONAMI,1,3410.5,769.34,2365
2024-11-26,10208,M)JetSetter Gold Sydney f26 s61066 a25833,IGT,2,3225.59,918.04,1328
2024-11-26,10208,M)Locked Up Loot – Locked and Loaded F43 S384 -TITO,Shufflemaster,4,4963.05,917.15,2374
2024-11-26,10208,M)Happy and Prosperous Dragon Cash f59 s63463-63467,ARISTOCRAT,5,438.93,273.17,406
2024-11-26,10208,M)Monopoly Hotel Tycoon F212 S4096 Dualos,Shufflemaster,6,1483.14,630.97,2524
2024-11-26,10208,M)Forever Emperor - Dragon Train DTX f405 s5252 a26896,Shufflemaster,7,13449.5,124.57,4968
2024-11-26,10208,M)JetSetter Gold Tokyo MLP CD  f27 s60904 a26116,IGT,8,41874105.15,-95643.59,4294247914
2024-11-26,10208,M)Chi Lin Wins - Dragon Train DTX f405 s5234 a26829,Shufflemaster,8,14218.19,883.45,4141
2024-11-26,10208,M)Huff n' More Puff f304 s4654 a23832,Shufflemaster,9,15345,2280.83,3945
2024-11-26,10208,M)Treasure Spirits Tiger f1793 s3500,Ainsworth,9,1157.39,215.99,597
2024-11-27,10208,M)Dynamite Dollars All Aboard F1068 S590 BIOS2,KONAMI,1,2324.5,-779.85,1744
2024-11-27,10208,M)JetSetter Gold Sydney f26 s61066 a25833,IGT,2,1379.51,41.36,592
2024-11-27,10208,M)Locked Up Loot – Locked and Loaded F43 S384 -TITO,Shufflemaster,4,1475.5,532.65,1551
2024-11-27,10208,M)Happy and Prosperous Dragon Cash f59 s63463-63467,ARISTOCRAT,5,1471.05,650.01,958
2024-11-27,10208,M)Monopoly Hotel Tycoon F212 S4096 Dualos,Shufflemaster,6,2473.55,87.78,3835
2024-11-27,10208,M)Forever Emperor - Dragon Train DTX f405 s5252 a26896,Shufflemaster,7,9528.08,-48.47,3615
2024-11-27,10208,M)Chi Lin Wins - Dragon Train DTX f405 s5234 a26829,Shufflemaster,8,10958.44,653.25,3686
2024-11-27,10208,M)JetSetter Gold Tokyo MLP CD  f27 s60904 a26116,IGT,8,713,192.95,472
2024-11-27,10208,M)Treasure Spirits Tiger f1793 s3500,Ainsworth,9,2496.76,527.56,1280
2024-11-27,10208,M)Huff n' More Puff f304 s4654 a23832,Shufflemaster,9,14058.3,4277.28,4737
2024-11-28,10208,M)Dynamite Dollars All Aboard F1068 S590 BIOS2,KONAMI,1,2706,479.83,1453
2024-11-28,10208,M)JetSetter Gold Sydney f26 s61066 a25833,IGT,2,772.49,366.14,867
2024-11-28,10208,M)Locked Up Loot – Locked and Loaded F43 S384 -TITO,Shufflemaster,4,1877.95,386.5,1350
2024-11-28,10208,M)Happy and Prosperous Dragon Cash f59 s63463-63467,ARISTOCRAT,5,2749.39,751.79,1726
2024-11-28,10208,M)Monopoly Hotel Tycoon F212 S4096 Dualos,Shufflemaster,6,3544.17,-295.82,3498
2024-11-28,10208,M)Forever Emperor - Dragon Train DTX f405 s5252 a26896,Shufflemaster,7,6207.84,1501.08,4899
2024-11-28,10208,M)JetSetter Gold Tokyo MLP CD  f27 s60904 a26116,IGT,8,525.5,104.9,396
2024-11-28,10208,M)Chi Lin Wins - Dragon Train DTX f405 s5234 a26829,Shufflemaster,8,7589.34,-888.05,3808
2024-11-28,10208,M)Treasure Spirits Tiger f1793 s3500,Ainsworth,9,2474.83,278.23,1416
2024-11-28,10208,M)Huff n' More Puff f304 s4654 a23832,Shufflemaster,9,5614.5,447.71,3638
2024-11-29,10208,M)Dynamite Dollars All Aboard F1068 S590 BIOS2,KONAMI,1,2480.5,-507.76,1746
2024-11-29,10208,M)JetSetter Gold Sydney f26 s61066 a25833,IGT,2,864.7,9.35,892
2024-11-29,10208,M)Locked Up Loot – Locked and Loaded F43 S384 -TITO,Shufflemaster,4,1303.9,312.97,1158
2024-11-29,10208,M)Happy and Prosperous Dragon Cash f59 s63463-63467,ARISTOCRAT,5,505.84,-279.98,450
2024-11-29,10208,M)Monopoly Hotel Tycoon F212 S4096 Dualos,Shufflemaster,6,6784.12,322.41,4670
2024-11-29,10208,M)Forever Emperor - Dragon Train DTX f405 s5252 a26896,Shufflemaster,7,13276.19,1702.7,6995
2024-11-29,10208,M)Chi Lin Wins - Dragon Train DTX f405 s5234 a26829,Shufflemaster,8,12075.19,1494.39,5709
2024-11-29,10208,M)JetSetter Gold Tokyo MLP CD  f27 s60904 a26116,IGT,8,1483.27,362.77,1438
2024-11-29,10208,M)Huff n' More Puff f304 s4654 a23832,Shufflemaster,9,7469.7,45.12,3607
2024-11-29,10208,M)Treasure Spirits Tiger f1793 s3500,Ainsworth,9,2172.3,-308.65,1335
2024-11-30,10208,M)Dynamite Dollars All Aboard F1068 S590 BIOS2,KONAMI,1,2734,393.88,2372
2024-11-30,10208,M)JetSetter Gold Sydney f26 s61066 a25833,IGT,2,1973.98,277.23,1232
2024-11-30,10208,M)Locked Up Loot – Locked and Loaded F43 S384 -TITO,Shufflemaster,4,3286.75,1265.45,2571
2024-11-30,10208,M)Happy and Prosperous Dragon Cash f59 s63463-63467,ARISTOCRAT,5,1965.31,860.36,2241
2024-11-30,10208,M)Monopoly Hotel Tycoon F212 S4096 Dualos,Shufflemaster,6,4541.01,370.92,4628
2024-11-30,10208,M)Forever Emperor - Dragon Train DTX f405 s5252 a26896,Shufflemaster,7,11013.29,2159.64,6546
2024-11-30,10208,M)JetSetter Gold Tokyo MLP CD  f27 s60904 a26116,IGT,8,818,248.05,728
2024-11-30,10208,M)Chi Lin Wins - Dragon Train DTX f405 s5234 a26829,Shufflemaster,8,18266,3920.71,6254
2024-11-30,10208,M)Treasure Spirits Tiger f1793 s3500,Ainsworth,9,3336.52,296.87,1799
2024-11-30,10208,M)Huff n' More Puff f304 s4654 a23832,Shufflemaster,9,8447.85,1948.78,4656
2024-12-01,10208,M)Dynamite Dollars All Aboard F1068 S590 BIOS2,KONAMI,1,3367,-250.96,2356
2024-12-01,10208,M)JetSetter Gold Sydney f26 s61066 a25833,IGT,2,1297.8,367.05,984
2024-12-01,10208,M)Locked Up Loot – Locked and Loaded F43 S384 -TITO,Shufflemaster,4,3005.35,494.6,1858
2024-12-01,10208,M)Happy and Prosperous Dragon Cash f59 s63463-63467,ARISTOCRAT,5,3773.22,1403.04,2378
2024-12-01,10208,M)Monopoly Hotel Tycoon F212 S4096 Dualos,Shufflemaster,6,2268.18,572.17,3381
2024-12-01,10208,M)Forever Emperor - Dragon Train DTX f405 s5252 a26896,Shufflemaster,7,8339.34,791.73,4550
2024-12-01,10208,M)Chi Lin Wins - Dragon Train DTX f405 s5234 a26829,Shufflemaster,8,5063.78,956.99,3808
2024-12-01,10208,M)JetSetter Gold Tokyo MLP CD  f27 s60904 a26116,IGT,8,1594.4,95.75,930
2024-12-01,10208,M)Huff n' More Puff f304 s4654 a23832,Shufflemaster,9,10538.55,1454,3948
2024-12-01,10208,M)Treasure Spirits Tiger f1793 s3500,Ainsworth,9,870.23,460.13,673
2024-12-02,10208,M)Dynamite Dollars All Aboard F1068 S590 BIOS2,KONAMI,1,3367,-250.96,2356
2024-12-02,10208,M)JetSetter Gold Sydney f26 s61066 a25833,IGT,2,1297.8,367.05,984
2024-12-02,10208,M)Locked Up Loot – Locked and Loaded F43 S384 -TITO,Shufflemaster,4,3005.35,494.6,1858
2024-12-02,10208,M)Happy and Prosperous Dragon Cash f59 s63463-63467,ARISTOCRAT,5,3773.22,1403.04,2378
2024-12-02,10208,M)Monopoly Hotel Tycoon F212 S4096 Dualos,Shufflemaster,6,2268.18,572.17,3381
2024-12-02,10208,M)Forever Emperor - Dragon Train DTX f405 s5252 a26896,Shufflemaster,7,8339.34,791.73,4550
2024-12-02,10208,M)Chi Lin Wins - Dragon Train DTX f405 s5234 a26829,Shufflemaster,8,5063.78,956.99,3808
2024-12-02,10208,M)JetSetter Gold Tokyo MLP CD  f27 s60904 a26116,IGT,8,1594.4,95.75,930
2024-12-02,10208,M)Huff n' More Puff f304 s4654 a23832,Shufflemaster,9,10538.55,1454,3948
2024-12-02,10208,M)Treasure Spirits Tiger f1793 s3500,Ainsworth,9,870.23,460.13,673